{
  "experiment_id": 8,
  "experiment_dir": "logs/grid_search_20250625_162307/exp_008_lr_0.007_hidden_features_5_num_layers_1_num_bins_8",
  "parameters": {
    "lr": 0.007,
    "hidden_features": 5,
    "num_layers": 1,
    "num_bins": 8
  },
  "model_config": {
    "model_type": "MaskedPiecewiseRationalQuadraticAutoregressiveTransform",
    "context_features": 3,
    "flow_features": 1,
    "hidden_features": 5,
    "num_layers": 1,
    "num_bins": 8,
    "base_distribution": "StandardNormal",
    "total_parameters": 328
  },
  "training_results": {
    "train_losses": [
      -0.73747591766474,
      -0.8147500231686761,
      -0.8216498240302591,
      -0.8303336278130027,
      -0.840749750067206,
      -0.8523549670331618,
      -0.8678486556165359,
      -0.8915071497945225,
      -0.8973809877563925,
      -0.9040613450022305,
      -0.9112953902693356,
      -0.9157388962717617,
      -0.9205781163888819,
      -0.9233225286708159,
      -0.9241079717523911,
      -0.9248148622933556,
      -0.9286649473274455,
      -0.927949358996223,
      -0.9281551173855277,
      -0.9298340204884025,
      -0.9301521201694712,
      -0.9287694115498487,
      -0.9308362649468814,
      -0.932013932466507,
      -0.9324406916954938,
      -0.9316754025571486,
      -0.9324666169811697,
      -0.9324830106426688,
      -0.9335666233651778,
      -0.9336717167321373,
      -0.9339851790315965,
      -0.9335257457284366,
      -0.9339446911391089,
      -0.9352040136561675,
      -0.9341444624171538,
      -0.9334286088803235,
      -0.9362311733470243,
      -0.9350436311609605,
      -0.9347571779699887,
      -0.9350225278209238,
      -0.9369328489724328,
      -0.9354886860707227,
      -0.9379592436201433,
      -0.937497695053325,
      -0.9385254936358508,
      -0.9385701231395497,
      -0.938430008537629,
      -0.9408006555192611,
      -0.9403026512791128,
      -0.940223759763381
    ],
    "test_losses": [
      -0.8248027601214343,
      -0.8354525494714116,
      -0.8456158970677575,
      -0.8516322740981745,
      -0.8687656598035679,
      -0.8672115359195444,
      -0.9001747389865477,
      -0.9120942181626032,
      -0.9227051794528961,
      -0.9165981056385262,
      -0.9345913148896638,
      -0.9014886427064275,
      -0.8956376382777858,
      -0.9268548254356828,
      -0.9462850520777147,
      -0.9472146472265554,
      -0.9487239885468816,
      -0.9296272388031316,
      -0.9464089819165163,
      -0.9473014476687409,
      -0.9358503868413526,
      -0.9491495678591174,
      -0.944916498730349,
      -0.9479337222354357,
      -0.9495593116726986,
      -0.945768558840419,
      -0.942709437636442,
      -0.9398246042257131,
      -0.9361498382202414,
      -0.9501927694608999,
      -0.9477019696734672,
      -0.9504676142404246,
      -0.9306429343861203,
      -0.9304850384246471,
      -0.9517808527447457,
      -0.9423960298299789,
      -0.939815570240797,
      -0.9481947040835093,
      -0.9503296213787655,
      -0.9278606788363568,
      -0.9512670998656473,
      -0.9539736434470776,
      -0.9354657891877862,
      -0.9519282324369563,
      -0.9451465436192446,
      -0.9562165442594263,
      -0.9433984007253203,
      -0.9537767311861348,
      -0.9508027846036955,
      -0.9528606015582417
    ],
    "final_train_loss": -0.940223759763381,
    "final_test_loss": -0.9528606015582417
  },
  "evaluation_results": {
    "mean_error": 0.05573558924974268,
    "std_error": 0.05662398773302805,
    "median_error": 0.036625476284429,
    "num_setups": 399
  },
  "primary_score": 0.05573558924974268
}