{
  "experiment_id": 18,
  "experiment_dir": "logs/grid_search_20250624_192044/exp_018_lr_0.005_hidden_features_16_num_layers_6_num_bins_30",
  "parameters": {
    "lr": 0.005,
    "hidden_features": 16,
    "num_layers": 6,
    "num_bins": 30
  },
  "model_config": {
    "model_type": "MaskedPiecewiseRationalQuadraticAutoregressiveTransform",
    "context_features": 3,
    "flow_features": 1,
    "hidden_features": 16,
    "num_layers": 6,
    "num_bins": 30,
    "base_distribution": "StandardNormal",
    "total_parameters": 16950
  },
  "training_results": {
    "train_losses": [
      -0.7141547556385837,
      -0.906140198356965,
      -0.9273497534499449,
      -0.9297045286963967,
      -0.9367710952197804,
      -0.9407124851030462,
      -0.9442199887247646,
      -0.9483939044615801,
      -0.9473476537536172,
      -0.9479982113136964,
      -0.9506527458920199,
      -0.9516576472450705,
      -0.9537487877817715,
      -0.9540219527833602,
      -0.9547546583063462,
      -0.955637111453449,
      -0.9557003945462844,
      -0.9570681256406447,
      -0.9563417329507715,
      -0.9596835949841668,
      -0.9576959044091842,
      -0.9590984312225791,
      -0.9587023184579961,
      -0.9606484395616195,
      -0.9584448914668139,
      -0.9568238164396847,
      -0.9604791874745313,
      -0.9598149800300598,
      -0.9619002457226024,
      -0.9606505666059606,
      -0.9613417663293726,
      -0.9626422920647789,
      -0.963432086425669,
      -0.9626951958852655,
      -0.9628124324714437,
      -0.9627305466287276,
      -0.963288037145839,
      -0.9642405833216274,
      -0.9640488536217633,
      -0.9642748568338506,
      -0.9654496887150933,
      -0.9653175077017616,
      -0.9656360615702236,
      -0.9670499333213357,
      -0.9672368244563831,
      -0.9676367371923783,
      -0.9679765967060537,
      -0.9680950115007513,
      -0.9687811730889713,
      -0.9683971625215867
    ],
    "test_losses": [
      -0.921954076858454,
      -0.9498862804368485,
      -0.9464628338813782,
      -0.9522631374209426,
      -0.9350064877853838,
      -0.949296516041423,
      -0.9676042699536612,
      -0.9531705651172372,
      -0.9487541457941365,
      -0.967733872214029,
      -0.9550800527251044,
      -0.9660299410653669,
      -0.9666555012381354,
      -0.9708072956218275,
      -0.9680550799120304,
      -0.9563081376081289,
      -0.967737834536752,
      -0.9640275379252988,
      -0.9697704677664957,
      -0.9737243969773137,
      -0.9709456657254418,
      -0.9562703760557396,
      -0.9614345741826434,
      -0.9639469922975052,
      -0.9690074158962383,
      -0.9682285412799481,
      -0.9684700436370317,
      -0.9664250110470971,
      -0.9714912446432336,
      -0.9706963307635729,
      -0.9589459839255311,
      -0.9718995686880377,
      -0.9723702958849973,
      -0.9725926339626312,
      -0.9777330693810485,
      -0.9625989676908006,
      -0.9693691569705342,
      -0.9702823575152907,
      -0.9731880124225173,
      -0.9647742422514184,
      -0.9623717990032462,
      -0.975141117461892,
      -0.9713027158448863,
      -0.969312382437462,
      -0.9742606986400693,
      -0.9800549235454825,
      -0.9769832390685415,
      -0.9806005572163782,
      -0.9714350168788156,
      -0.9730150314957596
    ],
    "final_train_loss": -0.9683971625215867,
    "final_test_loss": -0.9730150314957596
  },
  "evaluation_results": {
    "mean_error": 0.05931439656267182,
    "std_error": 0.0692022481833637,
    "median_error": 0.03397498565551449,
    "num_setups": 399
  },
  "primary_score": 0.05931439656267182
}