{
  "experiment_id": 6,
  "experiment_dir": "logs/grid_search_20250625_093211/exp_006_lr_0.007_hidden_features_8_num_layers_2_num_bins_10",
  "parameters": {
    "lr": 0.007,
    "hidden_features": 8,
    "num_layers": 2,
    "num_bins": 10
  },
  "model_config": {
    "model_type": "MaskedPiecewiseRationalQuadraticAutoregressiveTransform",
    "context_features": 3,
    "flow_features": 1,
    "hidden_features": 8,
    "num_layers": 2,
    "num_bins": 10,
    "base_distribution": "StandardNormal",
    "total_parameters": 1322
  },
  "training_results": {
    "train_losses": [
      -0.8093413287927123,
      -0.9071068756019368,
      -0.9202305865287781,
      -0.9252117101585163,
      -0.9261410082789029,
      -0.9311776987244101,
      -0.9344732881994808,
      -0.9369096143806682,
      -0.9396593577020309,
      -0.941539811036166,
      -0.9454837205129512,
      -0.9457168768433963,
      -0.9484096601430108,
      -0.947936783468022,
      -0.9506569381321178,
      -0.9506329521712135,
      -0.95096755974433,
      -0.9520957230820375,
      -0.9521477791141061,
      -0.9528490262873033,
      -0.9528244570423575,
      -0.9532997947580674,
      -0.952805856887032,
      -0.9546284949779511,
      -0.9543148655751172,
      -0.9540711183407727,
      -0.9558737629301408,
      -0.9549080409021938,
      -0.9552913359333487,
      -0.955087505719241,
      -0.9572213262670181,
      -0.9558788920150084,
      -0.956154966284247,
      -0.9573836312574499,
      -0.9575452299679027,
      -0.957163036290337,
      -0.9585616245690514,
      -0.9585856084963854,
      -0.9599748450167039,
      -0.9582635465790244,
      -0.9575334656939787,
      -0.9573564998542561,
      -0.9578846945482142,
      -0.9582984505681431,
      -0.958356968795552,
      -0.9588321582008811,
      -0.9584077532852397,
      -0.9588074643471661,
      -0.9587595164074617,
      -0.958620031861698
    ],
    "test_losses": [
      -0.8849633720032004,
      -0.9398740125949993,
      -0.9054436479196992,
      -0.9388479145460351,
      -0.9488711888706961,
      -0.9517104993032854,
      -0.9363840288894121,
      -0.9452404921831087,
      -0.9601045394359633,
      -0.9625634008368781,
      -0.9525087794592214,
      -0.9608052530260973,
      -0.9602545506039332,
      -0.9623241189607354,
      -0.9515666996323785,
      -0.9629752376744913,
      -0.9223818052646726,
      -0.9464682448048924,
      -0.9505041819672252,
      -0.9616350560687309,
      -0.9636063222968301,
      -0.9636357899322067,
      -0.9694014276182928,
      -0.9637624814066776,
      -0.9650133155113043,
      -0.9618429251188456,
      -0.9666835897883703,
      -0.9639610153991123,
      -0.9687814639751301,
      -0.9634290082510127,
      -0.9626165875168734,
      -0.9503803576840911,
      -0.9683212833349095,
      -0.9565385799768359,
      -0.9702402342197507,
      -0.970844799696013,
      -0.9609612579955611,
      -0.9646085680917252,
      -0.9567401677370071,
      -0.9652012784813726,
      -0.9600382244171098,
      -0.9656210494595905,
      -0.9449142518431641,
      -0.9590079525182413,
      -0.9617266191992648,
      -0.9656844032365223,
      -0.9654117664625478,
      -0.9682162445645,
      -0.9609149143446324,
      -0.9533563998549484
    ],
    "final_train_loss": -0.958620031861698,
    "final_test_loss": -0.9533563998549484
  },
  "evaluation_results": {
    "mean_error": 0.0675435951587241,
    "std_error": 0.06613686114783955,
    "median_error": 0.043772055602544845,
    "num_setups": 399
  },
  "primary_score": 0.0675435951587241
}