epoch,train_loss,test_loss
1,17.613758814591264,-0.14706756926061196
