{
  "experiment_id": 3,
  "experiment_dir": "logs/grid_search_20250625_093211/exp_003_lr_0.007_hidden_features_6_num_layers_3_num_bins_8",
  "parameters": {
    "lr": 0.007,
    "hidden_features": 6,
    "num_layers": 3,
    "num_bins": 8
  },
  "model_config": {
    "model_type": "MaskedPiecewiseRationalQuadraticAutoregressiveTransform",
    "context_features": 3,
    "flow_features": 1,
    "hidden_features": 6,
    "num_layers": 3,
    "num_bins": 8,
    "base_distribution": "StandardNormal",
    "total_parameters": 1239
  },
  "training_results": {
    "train_losses": [
      -0.7859490464649657,
      -0.90421509791823,
      -0.9159467408937566,
      -0.9239592922435087,
      -0.9291809565179489,
      -0.9338311302661896,
      -0.9388482080487643,
      -0.93950656301835,
      -0.9431444231201621,
      -0.9450263463749605,
      -0.9458183951237622,
      -0.9472189561759724,
      -0.9508996326783125,
      -0.950983228893841,
      -0.9519755693744211,
      -0.953011968907188,
      -0.954504180094775,
      -0.9563420405107386,
      -0.9555379297452814,
      -0.9545427659679862,
      -0.956721849231159,
      -0.9564871521557079,
      -0.9572990480591269,
      -0.9575520765781402,
      -0.9584050085264094,
      -0.9583595093558817,
      -0.9591135131611543,
      -0.9602285575165468,
      -0.9592983311765334,
      -0.9597421610355377,
      -0.9583358651750228,
      -0.9581688909670886,
      -0.9603566211812636,
      -0.9596121700371013,
      -0.9613115014749415,
      -0.9583953958399155,
      -0.9596361434459686,
      -0.9586435992577497,
      -0.9544997234204237,
      -0.9585938294494853,
      -0.9587364605595083,
      -0.9597909752761616,
      -0.9613920475454891,
      -0.9617470879414503,
      -0.9635152754362891,
      -0.9618680265370537,
      -0.9658556384198805,
      -0.9633990737269906,
      -0.9638218776618733,
      -0.9657491882408367
    ],
    "test_losses": [
      -0.8806917871153632,
      -0.9140542505092399,
      -0.9399023372766584,
      -0.9450391969708509,
      -0.9375926779453144,
      -0.958235319547875,
      -0.9571872740983963,
      -0.9494379919628765,
      -0.9359647834023764,
      -0.9514174985331159,
      -0.9504001015840575,
      -0.9619967668555504,
      -0.9690827018992846,
      -0.9634104485428611,
      -0.9643476630366126,
      -0.9574779840402825,
      -0.9616605369850647,
      -0.9663901780926905,
      -0.9610930744991746,
      -0.9679604814496151,
      -0.9670248048250065,
      -0.9494487000066181,
      -0.965421033044194,
      -0.9719655240690985,
      -0.9699910766163538,
      -0.9426568889340688,
      -0.9712064131054767,
      -0.9659062822197759,
      -0.9478880087996638,
      -0.9560151737789775,
      -0.9669715666493705,
      -0.9645135257133218,
      -0.9716178105321042,
      -0.9756582346073417,
      -0.9652587505274041,
      -0.9690974704054899,
      -0.9460395543381225,
      -0.9642106791568357,
      -0.9675505804461102,
      -0.9567111983548763,
      -0.9606690031151439,
      -0.965315696666407,
      -0.9780346400515978,
      -0.9697035967610603,
      -0.9758581317441408,
      -0.9691675864679868,
      -0.9651533910701441,
      -0.9759229355080183,
      -0.9746279031731362,
      -0.9788839884275614
    ],
    "final_train_loss": -0.9657491882408367,
    "final_test_loss": -0.9788839884275614
  },
  "evaluation_results": {
    "mean_error": 0.03921108931564029,
    "std_error": 0.04170784988715637,
    "median_error": 0.02483392447933012,
    "num_setups": 399
  },
  "primary_score": 0.03921108931564029
}