{
  "experiment_id": 21,
  "experiment_dir": "logs/grid_search_20250624_192044/exp_021_lr_0.005_hidden_features_32_num_layers_2_num_bins_30",
  "parameters": {
    "lr": 0.005,
    "hidden_features": 32,
    "num_layers": 2,
    "num_bins": 30
  },
  "model_config": {
    "model_type": "MaskedPiecewiseRationalQuadraticAutoregressiveTransform",
    "context_features": 3,
    "flow_features": 1,
    "hidden_features": 32,
    "num_layers": 2,
    "num_bins": 30,
    "base_distribution": "StandardNormal",
    "total_parameters": 15218
  },
  "training_results": {
    "train_losses": [
      -0.8043287383962203,
      -0.9200704205737394,
      -0.9313975883932675,
      -0.9351851198953741,
      -0.9426178600507624,
      -0.9437578824688406,
      -0.9484356493809644,
      -0.9486708723797518,
      -0.9506055452543146,
      -0.9528584903829238,
      -0.9523299630950479,
      -0.9547285358344807,
      -0.9544773751146653,
      -0.9557359230518341,
      -0.9575827333506416,
      -0.9567466657301958,
      -0.9578891589361078,
      -0.9575264902675853,
      -0.9592679956380059,
      -0.9589549004330354,
      -0.9602713479014005,
      -0.9609180303180919,
      -0.961984429990544,
      -0.9629445659413057,
      -0.9631034893148086,
      -0.9631313001408296,
      -0.9639263896381154,
      -0.9637976245319142,
      -0.9650921886808732,
      -0.9661182828510508,
      -0.9669458657152512,
      -0.9665756113388959,
      -0.9664338051571566,
      -0.9613466426905464,
      -0.9627102664638968,
      -0.9627468232547536,
      -0.9618105245337767,
      -0.9625765793463763,
      -0.9629322870338665,
      -0.9625947408115163,
      -0.9634793577474706,
      -0.9622727889874402,
      -0.9630472039475161,
      -0.963538144826889,
      -0.963282001579509,
      -0.9640020816466388,
      -0.9633640699526843,
      -0.9644562224079581,
      -0.9646716584177578,
      -0.9657050120129305
    ],
    "test_losses": [
      -0.8883742195922275,
      -0.9196782868268878,
      -0.9557337433792824,
      -0.9279995672924574,
      -0.9553025392598884,
      -0.9625491280888402,
      -0.9643316708331884,
      -0.9592166777960089,
      -0.9659350550451944,
      -0.9710072053033252,
      -0.9695174012073251,
      -0.9671220961005189,
      -0.9636528824650964,
      -0.9644955321799877,
      -0.9432275425556094,
      -0.9666380277899809,
      -0.9635451929513799,
      -0.9718909590743309,
      -0.9734587717887967,
      -0.970993276252303,
      -0.9671443099199339,
      -0.9753677721633468,
      -0.9680186151072037,
      -0.9661924083565556,
      -0.9742616385914559,
      -0.9773129090320233,
      -0.9693438103032667,
      -0.9727300502533136,
      -0.9662900439528532,
      -0.9826218121273573,
      -0.9752594091171443,
      -0.9613858042761337,
      -0.9702005652494209,
      -0.9686234761116117,
      -0.973356463881426,
      -0.9741842053657355,
      -0.9715748534646145,
      -0.9703858810801839,
      -0.9654240711483845,
      -0.9637594923030498,
      -0.9775156166664389,
      -0.9718452392622482,
      -0.9755757489869761,
      -0.9712247199790423,
      -0.9543330597323041,
      -0.9710423508355784,
      -0.9648406534000885,
      -0.967148350560388,
      -0.9734600556451221,
      -0.9745053199141525
    ],
    "final_train_loss": -0.9657050120129305,
    "final_test_loss": -0.9745053199141525
  },
  "evaluation_results": {
    "mean_error": 0.043101580941569385,
    "std_error": 0.050389015895488706,
    "median_error": 0.025568768394346783,
    "num_setups": 399
  },
  "primary_score": 0.043101580941569385
}