{
  "experiment_id": 11,
  "experiment_dir": "logs/grid_search_20250625_093211/exp_011_lr_0.007_hidden_features_10_num_layers_3_num_bins_8",
  "parameters": {
    "lr": 0.007,
    "hidden_features": 10,
    "num_layers": 3,
    "num_bins": 8
  },
  "model_config": {
    "model_type": "MaskedPiecewiseRationalQuadraticAutoregressiveTransform",
    "context_features": 3,
    "flow_features": 1,
    "hidden_features": 10,
    "num_layers": 3,
    "num_bins": 8,
    "base_distribution": "StandardNormal",
    "total_parameters": 2499
  },
  "training_results": {
    "train_losses": [
      -0.8006856666735428,
      -0.9222452643338371,
      -0.9325571239695829,
      -0.9382465976126054,
      -0.9441487840343924,
      -0.9446793234348297,
      -0.9458766738807454,
      -0.9479454889718224,
      -0.9490153912936939,
      -0.9500164746536928,
      -0.9523761535392088,
      -0.9545169615745545,
      -0.953772167668623,
      -0.9551086523252375,
      -0.9557941550367018,
      -0.9555678070292754,
      -0.9561194467544556,
      -0.9580571635330425,
      -0.9573466418771183,
      -0.9587838541058933,
      -0.9573355514161727,
      -0.9592011588461259,
      -0.9577302538647371,
      -0.9593864784521215,
      -0.960063527471879,
      -0.9592451951784247,
      -0.9595407746118658,
      -0.9602442432151121,
      -0.9601226812250474,
      -0.9598843819253585,
      -0.9577456230977003,
      -0.9605797065005582,
      -0.9617774621879354,
      -0.9607495455882129,
      -0.9605177014715531,
      -0.9614700604887569,
      -0.9615442147675682,
      -0.9599259889827055,
      -0.9617657463690814,
      -0.9593183081991532,
      -0.9615547918572145,
      -0.9615411095058217,
      -0.9609480864160201,
      -0.9607187407858232,
      -0.9623736927088569,
      -0.9617776140745948,
      -0.9613236486210542,
      -0.9618294519536635,
      -0.9612744010897244,
      -0.9623437266490039
    ],
    "test_losses": [
      -0.9342021666986998,
      -0.9310075082751208,
      -0.9490637080613957,
      -0.9496367408092632,
      -0.9576349108718162,
      -0.9251409082218658,
      -0.9391524348841157,
      -0.961747816898102,
      -0.9647262370863626,
      -0.9675481155861255,
      -0.9670315231001654,
      -0.96276449228442,
      -0.9586592024148897,
      -0.9682702289071194,
      -0.9586110212775164,
      -0.9632943170015202,
      -0.9571565013985301,
      -0.9636449963547463,
      -0.9714360415935517,
      -0.9540918407052063,
      -0.960087020314017,
      -0.9711606045101964,
      -0.9604798063289287,
      -0.9709272625834443,
      -0.9690578085045481,
      -0.9722065258857816,
      -0.9707032733878423,
      -0.9713428342065146,
      -0.9523074096025422,
      -0.970440449340399,
      -0.9716946021068927,
      -0.9556886340296545,
      -0.9551166481749956,
      -0.9677858811478283,
      -0.9689033867314805,
      -0.9745530664920807,
      -0.9478871274826138,
      -0.9602330218220866,
      -0.9712510632914166,
      -0.9555929873571839,
      -0.9673795752747114,
      -0.9645949046972186,
      -0.9699131944844889,
      -0.9706462133762448,
      -0.9700075277755427,
      -0.9630943527055341,
      -0.9734958989675655,
      -0.9621273509291716,
      -0.970725297789241,
      -0.96450242899185
    ],
    "final_train_loss": -0.9623437266490039,
    "final_test_loss": -0.96450242899185
  },
  "evaluation_results": {
    "mean_error": 0.060495038859932015,
    "std_error": 0.09359292615131075,
    "median_error": 0.028651622417345805,
    "num_setups": 399
  },
  "primary_score": 0.060495038859932015
}