{
  "experiment_id": 8,
  "experiment_dir": "logs/grid_search_20250624_192044/exp_008_lr_0.005_hidden_features_8_num_layers_6_num_bins_20",
  "parameters": {
    "lr": 0.005,
    "hidden_features": 8,
    "num_layers": 6,
    "num_bins": 20
  },
  "model_config": {
    "model_type": "MaskedPiecewiseRationalQuadraticAutoregressiveTransform",
    "context_features": 3,
    "flow_features": 1,
    "hidden_features": 8,
    "num_layers": 6,
    "num_bins": 20,
    "base_distribution": "StandardNormal",
    "total_parameters": 5586
  },
  "training_results": {
    "train_losses": [
      -0.7922908777173827,
      -0.9192694992177627,
      -0.9311516432201161,
      -0.9383768289229449,
      -0.9414600304996266,
      -0.947666275361005,
      -0.9499575209617614,
      -0.9493448517603033,
      -0.949694893430261,
      -0.9521959924697876,
      -0.9547975826263427,
      -0.9541513395309448,
      -0.9539691996574402,
      -0.9551986881564645,
      -0.956393538012224,
      -0.9553680153454052,
      -0.9572928484047161,
      -0.956320412088843,
      -0.9569896174879635,
      -0.958070916147793,
      -0.9590555270980387,
      -0.9585081439859727,
      -0.958798443289364,
      -0.9600852358341218,
      -0.958401624174679,
      -0.9597254657745361,
      -0.9602977197310504,
      -0.9609888938595267,
      -0.9616240189355962,
      -0.962699928634307,
      -0.9614307182676652,
      -0.9612155380669762,
      -0.9636930394873899,
      -0.9638550517839544,
      -0.9661097678717445,
      -0.9666827217270346,
      -0.9673772839938893,
      -0.9673010530892541,
      -0.9606582572179682,
      -0.9621791422367096,
      -0.960664369989844,
      -0.9621863119041218,
      -0.9643325563739328,
      -0.9608913781362421,
      -0.9632015532605789,
      -0.9622535445409662,
      -0.9624027371406555,
      -0.9656997571272009,
      -0.9647779748720281,
      -0.9667427544032826
    ],
    "test_losses": [
      -0.9354614261277886,
      -0.8322830056035242,
      -0.9191883700531582,
      -0.947900243138158,
      -0.9623556285403495,
      -0.9622272356998088,
      -0.9531402545612911,
      -0.9272706131602443,
      -0.961571476556534,
      -0.9292526256206424,
      -0.9511838253154311,
      -0.9648825405642044,
      -0.9555962131466976,
      -0.966291766319164,
      -0.9648085949032805,
      -0.9675980426544367,
      -0.9723090322904808,
      -0.9129383830830108,
      -0.9699291714402132,
      -0.9690759750299676,
      -0.9551233865493952,
      -0.9725342814312424,
      -0.9711432714794958,
      -0.9589544731517171,
      -0.9695770966452222,
      -0.9715456524560618,
      -0.9643162251211876,
      -0.968810731588408,
      -0.9712410383446272,
      -0.9722360889578975,
      -0.9699565876361935,
      -0.9709312766097312,
      -0.9722666371007298,
      -0.9777843442074088,
      -0.9812932324963947,
      -0.9773110914368962,
      -0.977860345812731,
      -0.9833948842314787,
      -0.9691835541364758,
      -0.9623272572838983,
      -0.9583742167367492,
      -0.9758346243653186,
      -0.9540391402882199,
      -0.9679172269133635,
      -0.9706328387870345,
      -0.972373233839523,
      -0.9726982018282248,
      -0.9245130532702734,
      -0.9764029957527338,
      -0.9748155027627945
    ],
    "final_train_loss": -0.9667427544032826,
    "final_test_loss": -0.9748155027627945
  },
  "evaluation_results": {
    "mean_error": 0.053406713084328476,
    "std_error": 0.07338279689084923,
    "median_error": 0.030297767279844276,
    "num_setups": 399
  },
  "primary_score": 0.053406713084328476
}