{
  "experiment_id": 10,
  "experiment_dir": "logs/grid_search_20250624_192044/exp_010_lr_0.005_hidden_features_16_num_layers_2_num_bins_10",
  "parameters": {
    "lr": 0.005,
    "hidden_features": 16,
    "num_layers": 2,
    "num_bins": 10
  },
  "model_config": {
    "model_type": "MaskedPiecewiseRationalQuadraticAutoregressiveTransform",
    "context_features": 3,
    "flow_features": 1,
    "hidden_features": 16,
    "num_layers": 2,
    "num_bins": 10,
    "base_distribution": "StandardNormal",
    "total_parameters": 3610
  },
  "training_results": {
    "train_losses": [
      -0.8098870720758158,
      -0.922783101236119,
      -0.9323576256106881,
      -0.9365626326028038,
      -0.9415210701437557,
      -0.9428723842256209,
      -0.9440458095774931,
      -0.9477618949553546,
      -0.9470498707715203,
      -0.9492460976628696,
      -0.9489264068884008,
      -0.9512541628585143,
      -0.9538828100176419,
      -0.9533891886122087,
      -0.9546678839010351,
      -0.9542483633406023,
      -0.9537872574609869,
      -0.9564143374386955,
      -0.9562286519303042,
      -0.9560325207429774,
      -0.9558074530433206,
      -0.9577488267421722,
      -0.9563218895126792,
      -0.958582758623011,
      -0.9577166896707872,
      -0.9582023190750796,
      -0.9588269599746255,
      -0.9596506796163671,
      -0.9586794594456168,
      -0.9588512198364033,
      -0.9599425172805787,
      -0.9590901149020475,
      -0.9594398680154015,
      -0.9596716369600857,
      -0.9592482667810777,
      -0.9601508794111364,
      -0.9591435084623449,
      -0.9598529129869797,
      -0.9608959082294913,
      -0.9606575343188117,
      -0.9606487028739031,
      -0.9610280712913064,
      -0.9602721518628737,
      -0.9603140417968525,
      -0.9609834045522353,
      -0.960953067891738,
      -0.9610764790983761,
      -0.9620621416849249,
      -0.9605225795156815,
      -0.9615309004923877
    ],
    "test_losses": [
      -0.9163728312697521,
      -0.9414133546657341,
      -0.9533197536718013,
      -0.952608539475951,
      -0.9522381763125575,
      -0.9418044450671174,
      -0.9285340198250704,
      -0.8895607540773791,
      -0.9556136053661968,
      -0.9524880810532459,
      -0.9579028824041056,
      -0.9679780702258265,
      -0.9703858965358069,
      -0.9600691721882931,
      -0.9693738970645639,
      -0.9688471114912699,
      -0.9677648793819339,
      -0.9601835779672445,
      -0.9655416018741075,
      -0.9587429167226303,
      -0.9423198995202087,
      -0.9684248001076454,
      -0.9658472612846729,
      -0.9726784189080083,
      -0.9658955707106479,
      -0.9718918518964634,
      -0.9725743416436883,
      -0.9537947545910991,
      -0.9714241277339847,
      -0.972668651647346,
      -0.9571460273376731,
      -0.9610760162043017,
      -0.9576146213121193,
      -0.9694506086582362,
      -0.9627688838992008,
      -0.9696271111798841,
      -0.9690985187541606,
      -0.970920023945875,
      -0.9690860307493875,
      -0.9696522187354952,
      -0.9722474744153577,
      -0.9634390155936396,
      -0.9706439321817354,
      -0.9613834740117538,
      -0.9729905433433,
      -0.9692882374275562,
      -0.9530743161606234,
      -0.9551125192364981,
      -0.971227181235025,
      -0.9704269061254901
    ],
    "final_train_loss": -0.9615309004923877,
    "final_test_loss": -0.9704269061254901
  },
  "evaluation_results": {
    "mean_error": 0.05209595130589324,
    "std_error": 0.07137570333191624,
    "median_error": 0.02749115898145045,
    "num_setups": 399
  },
  "primary_score": 0.05209595130589324
}