{
  "experiment_id": 9,
  "experiment_dir": "logs/grid_search_20250624_192044/exp_009_lr_0.005_hidden_features_8_num_layers_6_num_bins_30",
  "parameters": {
    "lr": 0.005,
    "hidden_features": 8,
    "num_layers": 6,
    "num_bins": 30
  },
  "model_config": {
    "model_type": "MaskedPiecewiseRationalQuadraticAutoregressiveTransform",
    "context_features": 3,
    "flow_features": 1,
    "hidden_features": 8,
    "num_layers": 6,
    "num_bins": 30,
    "base_distribution": "StandardNormal",
    "total_parameters": 7206
  },
  "training_results": {
    "train_losses": [
      -0.7518644110091469,
      -0.9080333461480982,
      -0.9219225444513208,
      -0.9324677268897786,
      -0.9330588582684012,
      -0.9395299291610718,
      -0.944363270366893,
      -0.945002942646251,
      -0.9461843730421627,
      -0.9477039945826811,
      -0.9485205704324385,
      -0.9516530431719388,
      -0.9487813514120439,
      -0.9390780735629446,
      -0.9494170369120205,
      -0.9541361765300527,
      -0.9544965806428124,
      -0.9545299352617824,
      -0.9559537722783931,
      -0.956790898547453,
      -0.95603570524384,
      -0.9550233347275677,
      -0.9571069972655353,
      -0.9587054849372191,
      -0.9584213672665989,
      -0.9586141711824081,
      -0.9581583034992218,
      -0.9588247947833117,
      -0.9598897921337801,
      -0.959802603931988,
      -0.9619963979721069,
      -0.960860325869392,
      -0.9611961458711064,
      -0.9550533103942871,
      -0.9577062672026018,
      -0.9598304051511428,
      -0.9600721118029426,
      -0.9605200907763313,
      -0.9589906647626092,
      -0.9607301870514365,
      -0.9620385648923762,
      -0.9619270234248217,
      -0.9598612319020664,
      -0.9613558292388916,
      -0.9607063593583949,
      -0.9617572696068708,
      -0.9614847622899448,
      -0.9604523113194634,
      -0.9610112136953017,
      -0.961320803305682
    ],
    "test_losses": [
      -0.9296824592490529,
      -0.9094820678927178,
      -0.914506090796271,
      -0.9564113384069398,
      -0.9459929722686147,
      -0.9403702460056127,
      -0.9664740506992784,
      -0.9584587460340456,
      -0.9681274021780768,
      -0.9616367894549702,
      -0.9476381408613782,
      -0.9429697020802387,
      -0.9636356944261595,
      -0.944450974603032,
      -0.9711086500522702,
      -0.9630560712758884,
      -0.9388878450837246,
      -0.9648679762385612,
      -0.9568990205609521,
      -0.9738375466923381,
      -0.9667325236076533,
      -0.9713806778885598,
      -0.9564293118410332,
      -0.96841346663098,
      -0.9665526058784751,
      -0.9703065524267596,
      -0.9520193471464999,
      -0.9652493991131006,
      -0.9636978059314018,
      -0.9746624493321707,
      -0.9745204448699951,
      -0.9724051530971084,
      -0.9569142507259236,
      -0.946921305600987,
      -0.9702436462391254,
      -0.9721738363421241,
      -0.9734041493992472,
      -0.9728303860786349,
      -0.9609524205673573,
      -0.975362282298332,
      -0.9771429282288219,
      -0.9644308463085529,
      -0.9466732310694318,
      -0.9663533662640771,
      -0.9709355856097022,
      -0.9598302853661914,
      -0.9678622050340786,
      -0.958331643703372,
      -0.9550877995269244,
      -0.9659509173659391
    ],
    "final_train_loss": -0.961320803305682,
    "final_test_loss": -0.9659509173659391
  },
  "evaluation_results": {
    "mean_error": 0.05681778987923535,
    "std_error": 0.06370412884853638,
    "median_error": 0.03420522642420263,
    "num_setups": 399
  },
  "primary_score": 0.05681778987923535
}