{
  "experiment_id": 4,
  "experiment_dir": "logs/grid_search_20250624_192044/exp_004_lr_0.005_hidden_features_8_num_layers_4_num_bins_10",
  "parameters": {
    "lr": 0.005,
    "hidden_features": 8,
    "num_layers": 4,
    "num_bins": 10
  },
  "model_config": {
    "model_type": "MaskedPiecewiseRationalQuadraticAutoregressiveTransform",
    "context_features": 3,
    "flow_features": 1,
    "hidden_features": 8,
    "num_layers": 4,
    "num_bins": 10,
    "base_distribution": "StandardNormal",
    "total_parameters": 2644
  },
  "training_results": {
    "train_losses": [
      -0.8106444289836594,
      -0.917856257242315,
      -0.9309009132665746,
      -0.9390131396405837,
      -0.9414202829669504,
      -0.9467632365226746,
      -0.9464697940209332,
      -0.9476575126367457,
      -0.9521063203671399,
      -0.9510366221736459,
      -0.9522862427374896,
      -0.9541495046896094,
      -0.9535284550049725,
      -0.9557916817244362,
      -0.9547810110625099,
      -0.9561049679447623,
      -0.9574573125558741,
      -0.9570202371653389,
      -0.9592386080236996,
      -0.9588666673267588,
      -0.9578260977829204,
      -0.9593927371501922,
      -0.9605232417583466,
      -0.958311010388767,
      -0.9602577686309814,
      -0.9616930836789748,
      -0.9606114969534032,
      -0.9613856001461254,
      -0.9619378655798295,
      -0.9612126932424657,
      -0.9616600274338442,
      -0.9617103798950419,
      -0.9626711765457602,
      -0.9635045315938837,
      -0.964046959806891,
      -0.9639965429025538,
      -0.9645964222094592,
      -0.9646456159563626,
      -0.9653753184570986,
      -0.9669618674586801,
      -0.9618199807756087,
      -0.9672854247513939,
      -0.9681215256101945,
      -0.9688496774084427,
      -0.9683268764439751,
      -0.9704358194856083,
      -0.9701135798061595,
      -0.9696396834008834,
      -0.96928556358113,
      -0.9704515086903291
    ],
    "test_losses": [
      -0.9363103908161784,
      -0.9484238515759623,
      -0.8915919943604358,
      -0.9626797515985578,
      -0.9640175136022789,
      -0.9660682194454725,
      -0.9591402719187182,
      -0.9668122595132783,
      -0.9609291976274446,
      -0.9590062464392463,
      -0.9472991945438607,
      -0.9682207998841308,
      -0.9574705340141474,
      -0.9673440404409586,
      -0.9718549242546392,
      -0.9660003036260605,
      -0.9689208409813947,
      -0.9683521859867629,
      -0.9511641761591269,
      -0.9693460004274235,
      -0.9650113179933193,
      -0.9638266236976135,
      -0.9712328471416651,
      -0.9434010778748712,
      -0.9672853064398433,
      -0.972675176553948,
      -0.9691410128460374,
      -0.9721522627874862,
      -0.9732749857181726,
      -0.974848119325416,
      -0.9743673191514126,
      -0.9747491609218508,
      -0.9752293079398399,
      -0.9745709234891936,
      -0.9714165458845537,
      -0.9695062282473542,
      -0.9607992694128391,
      -0.9757661924805752,
      -0.9792271113672922,
      -0.978562465240789,
      -0.9806924721529318,
      -0.9750886813152668,
      -0.9790520375551179,
      -0.9638444974671962,
      -0.9728397276512412,
      -0.9744831433129865,
      -0.9713768274285073,
      -0.9771963248419208,
      -0.9825012868226961,
      -0.9781705098096715
    ],
    "final_train_loss": -0.9704515086903291,
    "final_test_loss": -0.9781705098096715
  },
  "evaluation_results": {
    "mean_error": 0.04199031696197443,
    "std_error": 0.04404539875541937,
    "median_error": 0.026604292235826058,
    "num_setups": 399
  },
  "primary_score": 0.04199031696197443
}