epoch,train_loss,test_loss
1,-0.20187401305590852,-0.11203170795752494
