{
  "experiment_id": 5,
  "experiment_dir": "logs/grid_search_20250624_192044/exp_005_lr_0.005_hidden_features_8_num_layers_4_num_bins_20",
  "parameters": {
    "lr": 0.005,
    "hidden_features": 8,
    "num_layers": 4,
    "num_bins": 20
  },
  "model_config": {
    "model_type": "MaskedPiecewiseRationalQuadraticAutoregressiveTransform",
    "context_features": 3,
    "flow_features": 1,
    "hidden_features": 8,
    "num_layers": 4,
    "num_bins": 20,
    "base_distribution": "StandardNormal",
    "total_parameters": 3724
  },
  "training_results": {
    "train_losses": [
      -0.7894992818420424,
      -0.9235888474127826,
      -0.9317822475994334,
      -0.9381618098651662,
      -0.942207603524713,
      -0.9438379443393035,
      -0.9466760917972116,
      -0.9488751910714542,
      -0.9505222886450151,
      -0.9522647362596849,
      -0.9539854717254639,
      -0.9529834486456479,
      -0.9543816416403826,
      -0.9553500739265891,
      -0.9556811212792116,
      -0.9555483782291412,
      -0.9564276118138257,
      -0.9569412907432108,
      -0.9583300765121684,
      -0.9572397986580344,
      -0.957323583574856,
      -0.9578731149785659,
      -0.9588854183870203,
      -0.9582817705238567,
      -0.9600557570597704,
      -0.9605213253638324,
      -0.961746647498187,
      -0.9613711646023919,
      -0.9614789858285119,
      -0.9602537449668436,
      -0.948360604223083,
      -0.958380028219784,
      -0.9586842671562643,
      -0.9603726434006411,
      -0.959299875497818,
      -0.9609059136755326,
      -0.9609505464750178,
      -0.9605461063104518,
      -0.9617814434275908,
      -0.9604780629101921,
      -0.962049452346914,
      -0.9608747421993928,
      -0.9624256448184743,
      -0.9618474393732408,
      -0.9624143850102144,
      -0.961729252689025,
      -0.9626045038419612,
      -0.9619033770701465,
      -0.96295917300617,
      -0.9626611749564901
    ],
    "test_losses": [
      -0.9385587984739348,
      -0.9511334300734277,
      -0.943892591983773,
      -0.9562172619409339,
      -0.934766879539157,
      -0.9627174131398977,
      -0.9642369210720062,
      -0.9536421877007152,
      -0.9536723562451296,
      -0.9634703180124593,
      -0.9690384923025619,
      -0.9372806079858957,
      -0.954300912590914,
      -0.9632471188556316,
      -0.9638112025205479,
      -0.9527393074229706,
      -0.9694596269796061,
      -0.9648267468740773,
      -0.9628031237180843,
      -0.9720470255197481,
      -0.9516190906596739,
      -0.9634759601465491,
      -0.9669638581747233,
      -0.9693109272524368,
      -0.958955361330232,
      -0.9710977052533349,
      -0.9700576157070869,
      -0.973468449365261,
      -0.9662037263082903,
      -0.9684945555620416,
      -0.9648591684740643,
      -0.968200945854187,
      -0.9647726516390955,
      -0.9713606902333193,
      -0.9709334914767465,
      -0.9681768055572066,
      -0.9704626643380453,
      -0.9635782742916151,
      -0.9709421385166257,
      -0.9692731505216554,
      -0.9742096031821051,
      -0.9622535468533981,
      -0.9581905344197916,
      -0.9744530970274016,
      -0.9704369759836863,
      -0.9551090562066367,
      -0.9575244864752126,
      -0.97254271909248,
      -0.9596379765244417,
      -0.9704521994258082
    ],
    "final_train_loss": -0.9626611749564901,
    "final_test_loss": -0.9704521994258082
  },
  "evaluation_results": {
    "mean_error": 0.055282761148030206,
    "std_error": 0.08513632650735879,
    "median_error": 0.025876905987398263,
    "num_setups": 399
  },
  "primary_score": 0.055282761148030206
}