{
  "experiment_id": 26,
  "experiment_dir": "logs/grid_search_20250624_192044/exp_026_lr_0.005_hidden_features_32_num_layers_6_num_bins_20",
  "parameters": {
    "lr": 0.005,
    "hidden_features": 32,
    "num_layers": 6,
    "num_bins": 20
  },
  "model_config": {
    "model_type": "MaskedPiecewiseRationalQuadraticAutoregressiveTransform",
    "context_features": 3,
    "flow_features": 1,
    "hidden_features": 32,
    "num_layers": 6,
    "num_bins": 20,
    "base_distribution": "StandardNormal",
    "total_parameters": 39714
  },
  "training_results": {
    "train_losses": [
      -0.5938024308576303,
      -0.8871497546224033,
      -0.9069754497443928,
      -0.9185955650666181,
      -0.9232483647851383,
      -0.9272223715221181,
      -0.9316474063957438,
      -0.9363759973469903,
      -0.9390606375301586,
      -0.9385881143457749,
      -0.9451179087162018,
      -0.9456417606157415,
      -0.9468526469959933,
      -0.9480785690335667,
      -0.949730044112486,
      -0.9505981458635892,
      -0.9537639898412368,
      -0.9514303899512572,
      -0.9530338363787707,
      -0.9540284987758187,
      -0.9541162185107961,
      -0.9545706047731287,
      -0.9566238181030049,
      -0.9571272757474114,
      -0.9580433538380791,
      -0.9589179780903985,
      -0.9601684335400077,
      -0.9588826531522414,
      -0.9603773273439968,
      -0.9588143364120932,
      -0.9630964671864229,
      -0.9618499294449301,
      -0.9616977984764997,
      -0.9591450593050789,
      -0.9605752078224631,
      -0.9591522602473989,
      -0.960360394225401,
      -0.960206166786306,
      -0.959968759172103,
      -0.960579100706998,
      -0.9602044509438907,
      -0.9628054813777699,
      -0.9610765820391038,
      -0.9615921850064222,
      -0.9626888916071723,
      -0.9623238241672516,
      -0.9615891461512621,
      -0.9627364812879001,
      -0.9641567382391761,
      -0.963287914500517
    ],
    "test_losses": [
      -0.8658390913591828,
      -0.9337743756382965,
      -0.9496777630129526,
      -0.9296463865873426,
      -0.9564055797665618,
      -0.8692832175728886,
      -0.9582726834818375,
      -0.9342113961314046,
      -0.9399199438649555,
      -0.9658616419448409,
      -0.9186382145382638,
      -0.9138038211783698,
      -0.965150321223015,
      -0.9713787871737812,
      -0.9618352881004644,
      -0.9681355605984843,
      -0.947158359788185,
      -0.9082807447328124,
      -0.9245176722143972,
      -0.9706855130750079,
      -0.9597398651200671,
      -0.9643979426040206,
      -0.9610202195339425,
      -0.9656835894251978,
      -0.9603777218696683,
      -0.9521965997856717,
      -0.9464017252589381,
      -0.9704411082489546,
      -0.9650377753862115,
      -0.9618580759957779,
      -0.9638668390207512,
      -0.970159415450207,
      -0.9709021830974623,
      -0.9712545630543731,
      -0.9677363038063049,
      -0.9739067146944446,
      -0.9675975548666577,
      -0.9714923144772996,
      -0.957386864479198,
      -0.9744891588077988,
      -0.9600005962127863,
      -0.9710368243760841,
      -0.9708877423474955,
      -0.9525980526624724,
      -0.9732119561627853,
      -0.9652673902206643,
      -0.9701282167850539,
      -0.9616534363391788,
      -0.9702617557935936,
      -0.9705222772997479
    ],
    "final_train_loss": -0.963287914500517,
    "final_test_loss": -0.9705222772997479
  },
  "evaluation_results": {
    "mean_error": 0.054168191729013146,
    "std_error": 0.06860786315286527,
    "median_error": 0.03105761904815504,
    "num_setups": 399
  },
  "primary_score": 0.054168191729013146
}