{
  "experiment_id": 2,
  "experiment_dir": "logs/grid_search_20250624_192044/exp_002_lr_0.005_hidden_features_8_num_layers_2_num_bins_20",
  "parameters": {
    "lr": 0.005,
    "hidden_features": 8,
    "num_layers": 2,
    "num_bins": 20
  },
  "model_config": {
    "model_type": "MaskedPiecewiseRationalQuadraticAutoregressiveTransform",
    "context_features": 3,
    "flow_features": 1,
    "hidden_features": 8,
    "num_layers": 2,
    "num_bins": 20,
    "base_distribution": "StandardNormal",
    "total_parameters": 1862
  },
  "training_results": {
    "train_losses": [
      -0.7840534333210877,
      -0.9144965894783245,
      -0.9266612368471482,
      -0.9356373717504389,
      -0.9390688445988823,
      -0.9400695873709286,
      -0.94285470569835,
      -0.9459615766300875,
      -0.950189258701661,
      -0.9499598951900706,
      -0.9494127655730528,
      -0.9514045014802147,
      -0.9531539798484129,
      -0.9541304309227887,
      -0.9543606708330267,
      -0.9547969433840583,
      -0.9561483293421128,
      -0.9579751938230852,
      -0.9582921076522154,
      -0.9575333980251761,
      -0.9592015095318065,
      -0.9593128532521865,
      -0.9606955903417924,
      -0.959177187611075,
      -0.9601325688642613,
      -0.9596355114964877,
      -0.9613873207569122,
      -0.9639043879508972,
      -0.9626302796952865,
      -0.9634688469241647,
      -0.9629913857403923,
      -0.9636260627999025,
      -0.9649023692046895,
      -0.9652826228562523,
      -0.965833616957945,
      -0.9668327134497026,
      -0.9666638443049262,
      -0.9677496183619779,
      -0.9680512140778934,
      -0.9691868800976697,
      -0.9688569679680993,
      -0.9687341429906733,
      -0.9689632566536174,
      -0.9635398244857788,
      -0.9642267826725455,
      -0.9707853671382455,
      -0.969504720954334,
      -0.9687113853763132,
      -0.9611374599793377,
      -0.9619651091800017
    ],
    "test_losses": [
      -0.9124220912539682,
      -0.9470281462336696,
      -0.9520500759052676,
      -0.952787890406542,
      -0.9597148873778276,
      -0.9500409540048865,
      -0.9579283656769021,
      -0.9646016723887865,
      -0.9163587577121203,
      -0.9656723291374917,
      -0.9655539346295734,
      -0.9631580740906471,
      -0.9668864557909411,
      -0.9540727738724198,
      -0.9692813841409461,
      -0.9603900701500648,
      -0.964970335295034,
      -0.9710518206274786,
      -0.9687509892291801,
      -0.9577233533526576,
      -0.967091577482778,
      -0.9753433109715928,
      -0.9704881498979968,
      -0.9653113686761191,
      -0.971720407244771,
      -0.9713489783364673,
      -0.9780894095121428,
      -0.969632626342219,
      -0.9758662577285323,
      -0.9787205508975095,
      -0.9622885551563529,
      -0.9750005381744962,
      -0.9785274920768516,
      -0.9686735731917758,
      -0.9749421557714772,
      -0.9760543943837632,
      -0.9778681172881015,
      -0.9688956565635148,
      -0.9764684671579406,
      -0.9759789949239687,
      -0.9820099858350532,
      -0.9767109890316807,
      -0.9756591052510017,
      -0.9725381748620854,
      -0.9777791403060736,
      -0.9749190405357716,
      -0.9788911137469979,
      -0.9700639095417288,
      -0.9684261380239975,
      -0.9694447723932045
    ],
    "final_train_loss": -0.9619651091800017,
    "final_test_loss": -0.9694447723932045
  },
  "evaluation_results": {
    "mean_error": 0.056238938633660404,
    "std_error": 0.07921746619617466,
    "median_error": 0.03379673186082305,
    "num_setups": 399
  },
  "primary_score": 0.056238938633660404
}