{
  "experiment_id": 10,
  "experiment_dir": "logs/grid_search_20250625_093211/exp_010_lr_0.007_hidden_features_10_num_layers_2_num_bins_10",
  "parameters": {
    "lr": 0.007,
    "hidden_features": 10,
    "num_layers": 2,
    "num_bins": 10
  },
  "model_config": {
    "model_type": "MaskedPiecewiseRationalQuadraticAutoregressiveTransform",
    "context_features": 3,
    "flow_features": 1,
    "hidden_features": 10,
    "num_layers": 2,
    "num_bins": 10,
    "base_distribution": "StandardNormal",
    "total_parameters": 1798
  },
  "training_results": {
    "train_losses": [
      -0.838247559158241,
      -0.9113844231998219,
      -0.9260929005987504,
      -0.9348242838242474,
      -0.9387925303683562,
      -0.9416753127294428,
      -0.9451197730793672,
      -0.946558888168896,
      -0.9476648841184728,
      -0.9494332058990703,
      -0.9499940753684324,
      -0.9508744581306682,
      -0.9524755732452168,
      -0.9527366536505082,
      -0.9545775107075186,
      -0.9544215407091029,
      -0.9569213997616487,
      -0.9557176648168003,
      -0.9584226673490861,
      -0.9570288800492006,
      -0.9581925389345954,
      -0.95877052489449,
      -0.9585973003331353,
      -0.9592780796920553,
      -0.9597123110995573,
      -0.9613504520584555,
      -0.9588620454423568,
      -0.9619511770500856,
      -0.9637880806361928,
      -0.9644097100285923,
      -0.9617611668390387,
      -0.9626724879881915,
      -0.9633350746771868,
      -0.9641266666440402,
      -0.964679799079895,
      -0.9614932680831236,
      -0.9608052335767185,
      -0.9614926498777726,
      -0.9647909704376669,
      -0.9651486161175896,
      -0.9644685483680052,
      -0.9652092827067655,
      -0.9685115646614748,
      -0.9667981424752403,
      -0.9656156818305744,
      -0.9687881187130423,
      -0.9665267017308403,
      -0.9666709135560428,
      -0.9681977748870849,
      -0.9671328341259676
    ],
    "test_losses": [
      -0.9331288798603901,
      -0.937788486203482,
      -0.9482632280782212,
      -0.9332884401082993,
      -0.9631381845751474,
      -0.9428817788528842,
      -0.9076534261537152,
      -0.9594643236592758,
      -0.9666102107181106,
      -0.9216864517954892,
      -0.9688951813897421,
      -0.9498288442922193,
      -0.9516015644683394,
      -0.9673620851927025,
      -0.9365447787351386,
      -0.9517395273197529,
      -0.9683452104413233,
      -0.9629331041214078,
      -0.972127176024193,
      -0.9588839090147684,
      -0.9763669939928277,
      -0.9270492374203926,
      -0.9569686477960542,
      -0.9674210937910301,
      -0.9364081359879916,
      -0.9804732110611228,
      -0.9684960114401441,
      -0.9753459028033323,
      -0.9712327685467033,
      -0.9618596099143805,
      -0.9677338952241942,
      -0.9720617779465609,
      -0.9736415054909019,
      -0.9782796348250189,
      -0.9770557525546052,
      -0.9705346618973931,
      -0.9732767023319422,
      -0.959359651110893,
      -0.9680220479188963,
      -0.9776426740857058,
      -0.9646669218706531,
      -0.9670690342437389,
      -0.9812378146620684,
      -0.9769346277381099,
      -0.9631583148656889,
      -0.9216339183061621,
      -0.9664077351259631,
      -0.9851998412331869,
      -0.9818268569402917,
      -0.9790079809898554
    ],
    "final_train_loss": -0.9671328341259676,
    "final_test_loss": -0.9790079809898554
  },
  "evaluation_results": {
    "mean_error": 0.04383065041198939,
    "std_error": 0.05529443179658936,
    "median_error": 0.02598572983279733,
    "num_setups": 399
  },
  "primary_score": 0.04383065041198939
}