epoch,train_loss,test_loss
1,-0.20187401305590852,-0.11203170795752494
2,-0.15783945095867147,-0.3992348110165309
3,-0.4691231701918852,-0.5760196328071164
4,-0.6199328278692241,-0.6003524657016919
5,-0.6595129857874126,-0.6392608666217622
6,-0.6735658675538292,-0.6402116186916829
7,-0.7228944791074912,-0.7211447993730321
8,-0.7570831557941855,-0.7160015522191921
9,-0.7699725704934746,-0.7642879511885069
10,-0.8067858060179247,-0.7782200163161314
