{
  "experiment_id": 11,
  "experiment_dir": "logs/grid_search_20250624_192044/exp_011_lr_0.005_hidden_features_16_num_layers_2_num_bins_20",
  "parameters": {
    "lr": 0.005,
    "hidden_features": 16,
    "num_layers": 2,
    "num_bins": 20
  },
  "model_config": {
    "model_type": "MaskedPiecewiseRationalQuadraticAutoregressiveTransform",
    "context_features": 3,
    "flow_features": 1,
    "hidden_features": 16,
    "num_layers": 2,
    "num_bins": 20,
    "base_distribution": "StandardNormal",
    "total_parameters": 4630
  },
  "training_results": {
    "train_losses": [
      -0.8200787369337152,
      -0.9203796015066259,
      -0.9318786054499009,
      -0.9343289828300476,
      -0.938645491880529,
      -0.9398071713307324,
      -0.9445625222430509,
      -0.9461902151388281,
      -0.9443913466790144,
      -0.9505597127886379,
      -0.9500967230516322,
      -0.9532306488822488,
      -0.9530512041905347,
      -0.953827915542266,
      -0.9543058980913723,
      -0.9559490374256583,
      -0.9569269969884087,
      -0.955346781576381,
      -0.9566324562184951,
      -0.9583017959314234,
      -0.957239639338325,
      -0.958593846208909,
      -0.9597111877273111,
      -0.9598743403659148,
      -0.95939486209084,
      -0.9604402311409221,
      -0.9606741782496957,
      -0.9610516137936536,
      -0.9600113467609181,
      -0.9611524945146898,
      -0.9620057252575369,
      -0.9617348647117615,
      -0.9614094335892621,
      -0.9614292693839354,
      -0.9614715746571036,
      -0.9612985698615804,
      -0.9604261860426735,
      -0.963163841752445,
      -0.9511987519264221,
      -0.9503312047088848,
      -0.9611062598228455,
      -0.9617302024364471,
      -0.9627119240340064,
      -0.9635185158252716,
      -0.9652155517129337,
      -0.9667712058039273,
      -0.9580489978369544,
      -0.9678130769729614,
      -0.9673263033698587,
      -0.9659611044911778
    ],
    "test_losses": [
      -0.920415486915167,
      -0.9471733979014463,
      -0.9546070539674093,
      -0.8664584134207215,
      -0.9439620259889336,
      -0.9601604821377022,
      -0.9495259427747061,
      -0.9532916112001553,
      -0.9228727595750675,
      -0.958786767998407,
      -0.961930775919626,
      -0.9685039139071177,
      -0.964752017342767,
      -0.9675656515498494,
      -0.965782875723617,
      -0.9578453497138134,
      -0.940979348019112,
      -0.9452340246633042,
      -0.968233901608822,
      -0.9716787923214047,
      -0.968569477907447,
      -0.9540127305097358,
      -0.9448371034721995,
      -0.9710552758948747,
      -0.967950214203014,
      -0.9548921643301498,
      -0.9699060455311176,
      -0.9724269707535589,
      -0.9671562300171963,
      -0.9693516478289005,
      -0.9643612483213114,
      -0.9632942018120788,
      -0.9719559526720712,
      -0.9638843070629031,
      -0.9381295922190644,
      -0.9745721936225891,
      -0.9651043108729429,
      -0.9723041889279388,
      -0.9663265548473181,
      -0.972385365879813,
      -0.9731816616169242,
      -0.9684078158334244,
      -0.973973132843195,
      -0.9725796772990116,
      -0.9720470138067423,
      -0.9680965556654819,
      -0.9788946047771808,
      -0.955212810566259,
      -0.9746250474175742,
      -0.976345421408498
    ],
    "final_train_loss": -0.9659611044911778,
    "final_test_loss": -0.976345421408498
  },
  "evaluation_results": {
    "mean_error": 0.055743473904739015,
    "std_error": 0.06809066017826033,
    "median_error": 0.03267373087357531,
    "num_setups": 399
  },
  "primary_score": 0.055743473904739015
}