{
  "experiment_id": 5,
  "experiment_dir": "logs/grid_search_20250625_093211/exp_005_lr_0.007_hidden_features_8_num_layers_2_num_bins_8",
  "parameters": {
    "lr": 0.007,
    "hidden_features": 8,
    "num_layers": 2,
    "num_bins": 8
  },
  "model_config": {
    "model_type": "MaskedPiecewiseRationalQuadraticAutoregressiveTransform",
    "context_features": 3,
    "flow_features": 1,
    "hidden_features": 8,
    "num_layers": 2,
    "num_bins": 8,
    "base_distribution": "StandardNormal",
    "total_parameters": 1214
  },
  "training_results": {
    "train_losses": [
      -0.7867961759766673,
      -0.9030819406228907,
      -0.9170569418458377,
      -0.9231216983935412,
      -0.9291507345087388,
      -0.9311113304951611,
      -0.9333137465224547,
      -0.9358620279676774,
      -0.939897179182838,
      -0.9406491048897014,
      -0.9441994214057923,
      -0.9457508160086239,
      -0.9476261908166549,
      -0.9484081749355092,
      -0.9495874268868391,
      -0.9517169967118432,
      -0.9511824113481185,
      -0.9511728168936336,
      -0.9532110084505642,
      -0.9540092591678395,
      -0.955802245350445,
      -0.9560862306286307,
      -0.9591525806398953,
      -0.9593354718124165,
      -0.9613118031445671,
      -0.954868221282959,
      -0.9559490308340858,
      -0.9549764476102941,
      -0.9549621145164265,
      -0.9553402784992667,
      -0.9559968836868511,
      -0.9548909991628983,
      -0.9554002043780159,
      -0.9551462896431193,
      -0.9554791141958797,
      -0.9565473895914415,
      -0.9577063625700334,
      -0.9560616298984079,
      -0.9564966935971204,
      -0.9563779603733736,
      -0.9573370115196004,
      -0.9552124498872197,
      -0.9562598374310661,
      -0.9559409133826985,
      -0.9568938502143411,
      -0.9561350699032054,
      -0.9566331761724809,
      -0.9572011870496413,
      -0.956661885696299,
      -0.9568067732278038
    ],
    "test_losses": [
      -0.887406304825184,
      -0.934036884196969,
      -0.9363142777320951,
      -0.9409881441399108,
      -0.9229879545611005,
      -0.93241525431012,
      -0.9377722363832385,
      -0.9054201820562052,
      -0.9389383770698725,
      -0.9556045090043268,
      -0.9570300211047017,
      -0.9636616187040196,
      -0.958756116379139,
      -0.9618962037008862,
      -0.9636809407278549,
      -0.9443529659925505,
      -0.9540210610212282,
      -0.957224531783614,
      -0.9691520848939585,
      -0.9501297835000726,
      -0.9683520229749901,
      -0.971314897856047,
      -0.9620299020478892,
      -0.9741056693154712,
      -0.9519636715567389,
      -0.9621447123067324,
      -0.9667253061782483,
      -0.9353477152281029,
      -0.9708875696326411,
      -0.9615818860918977,
      -0.964702081125836,
      -0.9648918375026349,
      -0.9609974091829255,
      -0.9633423494738201,
      -0.96623135957607,
      -0.9733658038599546,
      -0.9712092226327852,
      -0.9690595107023106,
      -0.9652261631433354,
      -0.9660754499047302,
      -0.9619536262612011,
      -0.9664227417735166,
      -0.9670737008715785,
      -0.9700719136138295,
      -0.9666515594304994,
      -0.9657915930415308,
      -0.9669543780559717,
      -0.9644312372041303,
      -0.9656886194334474,
      -0.9551628809335619
    ],
    "final_train_loss": -0.9568067732278038,
    "final_test_loss": -0.9551628809335619
  },
  "evaluation_results": {
    "mean_error": 0.06436474234956034,
    "std_error": 0.062144847811040696,
    "median_error": 0.048756115649029944,
    "num_setups": 399
  },
  "primary_score": 0.06436474234956034
}