{
  "experiment_id": 19,
  "experiment_dir": "logs/grid_search_20250624_192044/exp_019_lr_0.005_hidden_features_32_num_layers_2_num_bins_10",
  "parameters": {
    "lr": 0.005,
    "hidden_features": 32,
    "num_layers": 2,
    "num_bins": 10
  },
  "model_config": {
    "model_type": "MaskedPiecewiseRationalQuadraticAutoregressiveTransform",
    "context_features": 3,
    "flow_features": 1,
    "hidden_features": 32,
    "num_layers": 2,
    "num_bins": 10,
    "base_distribution": "StandardNormal",
    "total_parameters": 11258
  },
  "training_results": {
    "train_losses": [
      -0.8091426095936228,
      -0.9155707439955543,
      -0.9314569638757144,
      -0.9314521063776577,
      -0.9376104024578543,
      -0.9405342468093423,
      -0.9442110560922061,
      -0.946688927412033,
      -0.9473916679971358,
      -0.9514429461956024,
      -0.9529419692824869,
      -0.9532117075078628,
      -0.9541470388103934,
      -0.9530240774855894,
      -0.9552383925634272,
      -0.9558017400433035,
      -0.9547721978496103,
      -0.9568352378817165,
      -0.9587484398308922,
      -0.9581587351770962,
      -0.958728280838798,
      -0.9588081303063561,
      -0.9596376930966096,
      -0.9606457818255705,
      -0.9594254618532517,
      -0.9592189351250143,
      -0.959980300244163,
      -0.9602807432763717,
      -0.9609175158949459,
      -0.9615091837153715,
      -0.9607514783915352,
      -0.9619226196232964,
      -0.9620354031815248,
      -0.9625269466287949,
      -0.9618011443755206,
      -0.9630050475457136,
      -0.9628248867567848,
      -0.9648401925844304,
      -0.9650427053255194,
      -0.9655840511181776,
      -0.9676344776153565,
      -0.9671082944028517,
      -0.9689047177398906,
      -0.9694544842663934,
      -0.9687593807893641,
      -0.9707395194558537,
      -0.9705701775410596,
      -0.9712979385432075,
      -0.9723574596292832,
      -0.9715331060044906
    ],
    "test_losses": [
      -0.9091644414635591,
      -0.9471946691357812,
      -0.9404716761999352,
      -0.9532250956047413,
      -0.9560236833123273,
      -0.9606730922710064,
      -0.9493649428667024,
      -0.9659187824227089,
      -0.9686108085305192,
      -0.9367429440797761,
      -0.9552572910175767,
      -0.962227811647016,
      -0.9726486122885416,
      -0.9680870898934297,
      -0.9666064774574236,
      -0.9509992589091145,
      -0.969758730433708,
      -0.9479968917231227,
      -0.9709229053452958,
      -0.9631783107685489,
      -0.9660298385592394,
      -0.9724604957325514,
      -0.9403989068297453,
      -0.9645375583060952,
      -0.9738177798515142,
      -0.9719502450421799,
      -0.9668536154336708,
      -0.968117703185525,
      -0.9360703831495241,
      -0.9661627838777941,
      -0.9555570085381353,
      -0.9698309540055519,
      -0.9665000809486523,
      -0.971187330401221,
      -0.9644257904485215,
      -0.9680073668790418,
      -0.9732470215753067,
      -0.9756489566592284,
      -0.9729980838853259,
      -0.9759362832058308,
      -0.9659438761860826,
      -0.9768118448035662,
      -0.9784781328467436,
      -0.9366510498662327,
      -0.9754538272702417,
      -0.9826584576867348,
      -0.9722635123618814,
      -0.982158994813298,
      -0.9813745042612386,
      -0.9742299296135126
    ],
    "final_train_loss": -0.9715331060044906,
    "final_test_loss": -0.9742299296135126
  },
  "evaluation_results": {
    "mean_error": 0.04367607646631944,
    "std_error": 0.04725313821309083,
    "median_error": 0.027566837931740206,
    "num_setups": 399
  },
  "primary_score": 0.04367607646631944
}