epoch,train_loss,test_loss
1,5.213774790769078,2.577939231781128
