{
  "experiment_id": 23,
  "experiment_dir": "logs/grid_search_20250624_192044/exp_023_lr_0.005_hidden_features_32_num_layers_4_num_bins_20",
  "parameters": {
    "lr": 0.005,
    "hidden_features": 32,
    "num_layers": 4,
    "num_bins": 20
  },
  "model_config": {
    "model_type": "MaskedPiecewiseRationalQuadraticAutoregressiveTransform",
    "context_features": 3,
    "flow_features": 1,
    "hidden_features": 32,
    "num_layers": 4,
    "num_bins": 20,
    "base_distribution": "StandardNormal",
    "total_parameters": 26476
  },
  "training_results": {
    "train_losses": [
      -0.746669695769601,
      -0.9118911147117614,
      -0.9229858162122614,
      -0.9314928162097931,
      -0.9365976490693934,
      -0.9409218386341544,
      -0.9451395163115333,
      -0.9464383779553807,
      -0.9450729139412151,
      -0.9484221731213962,
      -0.9509280943870544,
      -0.9495714605555815,
      -0.9539224544693442,
      -0.9525566727974836,
      -0.9514275450566235,
      -0.953365462808048,
      -0.9561593163013459,
      -0.9563166503345265,
      -0.9366218172101414,
      -0.9553746752879199,
      -0.9566327703700346,
      -0.9570587889587178,
      -0.9589101770344902,
      -0.9603191983699798,
      -0.9602197975270889,
      -0.9611106472856858,
      -0.9584189536992241,
      -0.9583589615541346,
      -0.9594349132565891,
      -0.9592382250813877,
      -0.960664753633387,
      -0.9612973232830272,
      -0.9619677966482499,
      -0.9624711014242733,
      -0.9623344995695002,
      -0.9615916879738078,
      -0.9653969842546126,
      -0.9650687105515424,
      -0.9659542416123783,
      -0.9665687760886024,
      -0.9660586348000695,
      -0.9667461732555839,
      -0.966326799322577,
      -0.9675540804161745,
      -0.9690696932287777,
      -0.967027945097755,
      -0.9680881204324611,
      -0.9690722982322468,
      -0.9648380050238441,
      -0.9675474455076105
    ],
    "test_losses": [
      -0.9076907801073651,
      -0.8677630698265031,
      -0.9198980880338092,
      -0.9557098017182462,
      -0.9356109329434328,
      -0.9600950213365776,
      -0.9644112983415293,
      -0.9548277911751769,
      -0.9312007849992707,
      -0.9695852798777957,
      -0.9677339889282404,
      -0.9638115071973136,
      -0.9623151631549347,
      -0.9508465466111206,
      -0.9623532264731651,
      -0.9588365489660308,
      -0.9685420387013014,
      -0.9659564754297567,
      -0.9617962853160016,
      -0.966726414062256,
      -0.9688699446445288,
      -0.9731864572264427,
      -0.9643600878327392,
      -0.965133950183558,
      -0.973467181865559,
      -0.9703117218128471,
      -0.968554338327674,
      -0.9521442461845486,
      -0.9701981482117675,
      -0.9664527879204861,
      -0.9661945429652237,
      -0.9676862853904104,
      -0.9408062873884689,
      -0.9698035208291785,
      -0.9788661461929943,
      -0.979488382505816,
      -0.954422432045604,
      -0.9526384224032247,
      -0.980433003361835,
      -0.9678127572980038,
      -0.973205418919408,
      -0.9776233566361804,
      -0.9781370422174764,
      -0.9761331417532855,
      -0.9728334896786268,
      -0.9727775267390317,
      -0.9443512219329213,
      -0.9781171690586001,
      -0.9710197559622831,
      -0.9700393234574518
    ],
    "final_train_loss": -0.9675474455076105,
    "final_test_loss": -0.9700393234574518
  },
  "evaluation_results": {
    "mean_error": 0.059489891772924984,
    "std_error": 0.06741644567269309,
    "median_error": 0.03696661856467179,
    "num_setups": 399
  },
  "primary_score": 0.059489891772924984
}