{
  "experiment_id": 3,
  "experiment_dir": "logs/grid_search_20250624_192044/exp_003_lr_0.005_hidden_features_8_num_layers_2_num_bins_30",
  "parameters": {
    "lr": 0.005,
    "hidden_features": 8,
    "num_layers": 2,
    "num_bins": 30
  },
  "model_config": {
    "model_type": "MaskedPiecewiseRationalQuadraticAutoregressiveTransform",
    "context_features": 3,
    "flow_features": 1,
    "hidden_features": 8,
    "num_layers": 2,
    "num_bins": 30,
    "base_distribution": "StandardNormal",
    "total_parameters": 2402
  },
  "training_results": {
    "train_losses": [
      -0.8030584546392235,
      -0.9154288664284874,
      -0.9235754440812504,
      -0.9347133276743047,
      -0.937551031813902,
      -0.9416868738567128,
      -0.945685940209557,
      -0.9475118586596321,
      -0.9491114773469813,
      -0.9497138065450331,
      -0.9518890386469224,
      -0.9526946931025562,
      -0.9536277890205384,
      -0.9524425945562475,
      -0.9554283595786375,
      -0.9541480995627011,
      -0.9554311895370483,
      -0.954985817600699,
      -0.9539722648788901,
      -0.9561675812216366,
      -0.9562953538754407,
      -0.9566282367005068,
      -0.9574544949391309,
      -0.9570157850489897,
      -0.9554693158935098,
      -0.9565861267903272,
      -0.9578811318032882,
      -0.9579465026013991,
      -0.9573372957285713,
      -0.9590986797388862,
      -0.9585402279741624,
      -0.9596769777466269,
      -0.9584410361682667,
      -0.9594051577764399,
      -0.9589986137782827,
      -0.9591448102277867,
      -0.9585559184410993,
      -0.9603423583507538,
      -0.9600006593676175,
      -0.9602976432968588,
      -0.9599328658861273,
      -0.9606105153700885,
      -0.9592480226825265,
      -0.9594832207174863,
      -0.9604797849935643,
      -0.9598354777167825,
      -0.9600774364611682,
      -0.9603230377505807,
      -0.9610548992717968,
      -0.9602779827398412
    ],
    "test_losses": [
      -0.927909107540929,
      -0.9428884813258814,
      -0.9493714338125184,
      -0.9279702296783757,
      -0.958265179811522,
      -0.9453784217668134,
      -0.9563743416653123,
      -0.959188727861227,
      -0.9660366122112718,
      -0.9600728402304095,
      -0.9544607337131057,
      -0.9634048935978912,
      -0.9466975846955943,
      -0.9635199197503024,
      -0.9642206411722094,
      -0.9668920594592427,
      -0.9669661853202554,
      -0.9719664523074794,
      -0.9627800282350806,
      -0.9628824272128038,
      -0.9561121002186176,
      -0.9683119660200075,
      -0.96808020458665,
      -0.964736496431883,
      -0.9720986771029095,
      -0.9584583074547524,
      -0.9585416603920072,
      -0.9698437682417936,
      -0.9600785518801489,
      -0.9647324061670969,
      -0.9725788145564324,
      -0.966657049572745,
      -0.9642281757537708,
      -0.9518474692522093,
      -0.9704407434130824,
      -0.9714300240195075,
      -0.9699049071517102,
      -0.9678291071292966,
      -0.9708616567905559,
      -0.9736491547767506,
      -0.966744414734286,
      -0.9667576813420584,
      -0.9713334583958914,
      -0.9659698209097219,
      -0.9712809891201729,
      -0.9657436799171359,
      -0.9400677886120109,
      -0.9749244021814923,
      -0.9627206716426583,
      -0.9722378856913988
    ],
    "final_train_loss": -0.9602779827398412,
    "final_test_loss": -0.9722378856913988
  },
  "evaluation_results": {
    "mean_error": 0.05357886816400251,
    "std_error": 0.06838637997011653,
    "median_error": 0.03189134589941214,
    "num_setups": 399
  },
  "primary_score": 0.05357886816400251
}