epoch,train_loss,test_loss
1,5.213774790769078,2.577939231781128
2,1.7211174846105053,0.5623889105417478
3,0.18134546021651374,-0.20392565885673702
4,0.23264914699373634,-0.29369472919238937
5,-0.48048240589416563,-0.5314761068395994
6,-0.6197035349538266,-0.6109248308533871
7,-0.6826799808300599,-0.6446139019511548
8,-0.7136575241470128,-0.663263262996887
9,-0.7457792235034449,-0.6566831148493989
10,-0.7725800349573969,-0.7150610130705676
