{
  "experiment_id": 8,
  "experiment_dir": "logs/grid_search_20250625_093211/exp_008_lr_0.007_hidden_features_8_num_layers_3_num_bins_10",
  "parameters": {
    "lr": 0.007,
    "hidden_features": 8,
    "num_layers": 3,
    "num_bins": 10
  },
  "model_config": {
    "model_type": "MaskedPiecewiseRationalQuadraticAutoregressiveTransform",
    "context_features": 3,
    "flow_features": 1,
    "hidden_features": 8,
    "num_layers": 3,
    "num_bins": 10,
    "base_distribution": "StandardNormal",
    "total_parameters": 1983
  },
  "training_results": {
    "train_losses": [
      -0.7860974532300059,
      -0.907847456371083,
      -0.9242942130565643,
      -0.9320836750198813,
      -0.9382702972608454,
      -0.9406452767989215,
      -0.9444927862812491,
      -0.9456830704212189,
      -0.9468976453472586,
      -0.9497882257489597,
      -0.9483106813010047,
      -0.9515648135718178,
      -0.9528225097235511,
      -0.9513104604973512,
      -0.9544421829896814,
      -0.954902074547375,
      -0.955894544545342,
      -0.9551780022593106,
      -0.9572046620705549,
      -0.957450167501674,
      -0.9574102850521312,
      -0.95652512865908,
      -0.9566675024172839,
      -0.957105755665723,
      -0.9594828921205857,
      -0.9577039199015673,
      -0.9586483996054705,
      -0.9586617473293754,
      -0.9599002718925476,
      -0.9593842982544618,
      -0.9602249806067523,
      -0.9595874523415285,
      -0.959667731032652,
      -0.9609321725368499,
      -0.9605063513447256,
      -0.9593869895093581,
      -0.9607655877225539,
      -0.9606917830775766,
      -0.9595675732808955,
      -0.959984396836337,
      -0.9612520031368031,
      -0.9603911154410418,
      -0.9617223352544448,
      -0.9620192217826843,
      -0.9617034342709709,
      -0.9610000327054192,
      -0.9607547776839312,
      -0.9621688062303206,
      -0.9620688265211442,
      -0.9623428693238427
    ],
    "test_losses": [
      -0.915031151785407,
      -0.9320111113925312,
      -0.9115233501029569,
      -0.9478886681933736,
      -0.9448206047679103,
      -0.948742606334908,
      -0.9590637780899225,
      -0.9643978728804478,
      -0.9647482070118882,
      -0.9603659469720929,
      -0.9581883996032005,
      -0.967693204657976,
      -0.9716716974280601,
      -0.9697081909623257,
      -0.9626298075498536,
      -0.9581574208514635,
      -0.969972985705664,
      -0.9534320676742598,
      -0.9447775354219038,
      -0.9690708179806554,
      -0.9697695122901784,
      -0.9705071515815202,
      -0.9641018456497857,
      -0.9352139014837354,
      -0.9659492261187975,
      -0.960631158601406,
      -0.9635796530302181,
      -0.9596946122341378,
      -0.9603948060163232,
      -0.9628336602865264,
      -0.9652317607818648,
      -0.9619144158307896,
      -0.9743279561053875,
      -0.9642193146916322,
      -0.9732658556727476,
      -0.9721002803292386,
      -0.970114477429279,
      -0.9727813288222912,
      -0.965088958934296,
      -0.9623654378014942,
      -0.9543176758427953,
      -0.97048495224742,
      -0.9740538289380628,
      -0.9724161138368207,
      -0.9726586312055587,
      -0.9727087271767993,
      -0.9745974016744037,
      -0.9709940628949986,
      -0.9657227018544841,
      -0.9559838850830876
    ],
    "final_train_loss": -0.9623428693238427,
    "final_test_loss": -0.9559838850830876
  },
  "evaluation_results": {
    "mean_error": 0.07224846921818759,
    "std_error": 0.09904762639825432,
    "median_error": 0.034559562897841595,
    "num_setups": 399
  },
  "primary_score": 0.07224846921818759
}