{
  "experiment_id": 2,
  "experiment_dir": "logs/grid_search_20250625_162307/exp_002_lr_0.007_hidden_features_4_num_layers_1_num_bins_8",
  "parameters": {
    "lr": 0.007,
    "hidden_features": 4,
    "num_layers": 1,
    "num_bins": 8
  },
  "model_config": {
    "model_type": "MaskedPiecewiseRationalQuadraticAutoregressiveTransform",
    "context_features": 3,
    "flow_features": 1,
    "hidden_features": 4,
    "num_layers": 1,
    "num_bins": 8,
    "base_distribution": "StandardNormal",
    "total_parameters": 251
  },
  "training_results": {
    "train_losses": [
      -0.7564723585929503,
      -0.8826445672792547,
      -0.899765311199076,
      -0.905757822078817,
      -0.9117154215363895,
      -0.9155764365196228,
      -0.9181736096213846,
      -0.918953015313429,
      -0.9225700202408958,
      -0.9245763334105996,
      -0.9275405791927787,
      -0.9302558987982132,
      -0.9331091422193191,
      -0.9336762148492477,
      -0.9345811397889081,
      -0.9345365316026351,
      -0.9374625426180222,
      -0.9377697538628298,
      -0.9391898266006918,
      -0.9379372572197634,
      -0.9386561394439024,
      -0.9411966691998874,
      -0.9403628467812257,
      -0.9415539897890652,
      -0.9402396732218126,
      -0.9420190792925217,
      -0.9421141442130594,
      -0.9428024733066559,
      -0.943891635502086,
      -0.943162016097237,
      -0.9449868876092574,
      -0.9457659381277421,
      -0.946666908123914,
      -0.9455816151815303,
      -0.9473793910531436,
      -0.9474319038671606,
      -0.9479517914968378,
      -0.9478579343767727,
      -0.9487893007082098,
      -0.9493729221820831,
      -0.9505048333196079,
      -0.9504344511733336,
      -0.9501502000584322,
      -0.9513406290727503,
      -0.9505370646364548,
      -0.9524930155277253,
      -0.9533613685299368,
      -0.9535799013867098,
      -0.9529564060183132,
      -0.9536911261081695
    ],
    "test_losses": [
      -0.8916998044695965,
      -0.9144734983527383,
      -0.9242151225722113,
      -0.9313408372014068,
      -0.9353901829830435,
      -0.9382197258084319,
      -0.9234060234801714,
      -0.930978389118993,
      -0.937725110663924,
      -0.9182513865620591,
      -0.9408818523551142,
      -0.9431815638098606,
      -0.9534176519443822,
      -0.9425886769627416,
      -0.8732885127843812,
      -0.9523936500382978,
      -0.9336881405392359,
      -0.9468400008456651,
      -0.9226873318123263,
      -0.951281415723091,
      -0.9535590282706328,
      -0.947310600516408,
      -0.9513307898543601,
      -0.9552197861116986,
      -0.9558405226053194,
      -0.959070517989092,
      -0.9579897123713826,
      -0.9528401873832525,
      -0.9004149840321651,
      -0.9481420394293097,
      -0.9541136539259623,
      -0.9525540328303049,
      -0.9417250318582668,
      -0.95081634715546,
      -0.9358381497305494,
      -0.9630300233530443,
      -0.9636792925901191,
      -0.959577688574791,
      -0.9664061944152034,
      -0.9580071224029674,
      -0.9590356150338816,
      -0.9615978688001633,
      -0.9651769236076709,
      -0.9454780076132264,
      -0.9656484945568927,
      -0.9652959644101387,
      -0.9646574602570644,
      -0.968965997113738,
      -0.9672554110371789,
      -0.9589376524437305
    ],
    "final_train_loss": -0.9536911261081695,
    "final_test_loss": -0.9589376524437305
  },
  "evaluation_results": {
    "mean_error": 0.05594578449253596,
    "std_error": 0.05560637661087931,
    "median_error": 0.03663601727855704,
    "num_setups": 399
  },
  "primary_score": 0.05594578449253596
}