epoch,train_loss,test_loss
1,-0.1141581293238839,-0.510025454427541
2,-0.5376736278862969,-0.5573042447046366
3,-0.5281545156225366,-0.5631502074867855
4,-0.6163709290317481,-0.6082773504065878
5,-0.6525942013075683,-0.653901732802667
6,-0.7113629293924877,-0.6706506864351715
7,-0.7228357565690235,-0.6090025649049584
8,-0.7311102926796395,-0.6068938594909362
9,-0.7067903243535711,-0.6109899124872216
10,-0.7494052339422742,-0.706820458755541
