{
  "experiment_id": 1,
  "experiment_dir": "logs/grid_search_20250625_093211/exp_001_lr_0.007_hidden_features_6_num_layers_2_num_bins_8",
  "parameters": {
    "lr": 0.007,
    "hidden_features": 6,
    "num_layers": 2,
    "num_bins": 8
  },
  "model_config": {
    "model_type": "MaskedPiecewiseRationalQuadraticAutoregressiveTransform",
    "context_features": 3,
    "flow_features": 1,
    "hidden_features": 6,
    "num_layers": 2,
    "num_bins": 8,
    "base_distribution": "StandardNormal",
    "total_parameters": 826
  },
  "training_results": {
    "train_losses": [
      -0.787966916083413,
      -0.9071045944269965,
      -0.9154980149689843,
      -0.9195453671146842,
      -0.9265479394968819,
      -0.930170001001919,
      -0.9350201951756197,
      -0.935981515786227,
      -0.9384142716491923,
      -0.9400674626406501,
      -0.9417939369818743,
      -0.942930003264371,
      -0.9433092038771685,
      -0.9450880876709433,
      -0.9468943179354948,
      -0.9469841525133919,
      -0.9492371860672446,
      -0.9498887979984283,
      -0.9493486635123982,
      -0.949549975605572,
      -0.9506295115106246,
      -0.9517676241257611,
      -0.9517080558047575,
      -0.9513547566357781,
      -0.9522309676338645,
      -0.952646912055857,
      -0.952725001152824,
      -0.9522999957028557,
      -0.9540747957369861,
      -0.952587137783275,
      -0.9556808202406939,
      -0.956389381534913,
      -0.9544372912715463,
      -0.9567753312166999,
      -0.9579535808983971,
      -0.9582345261293299,
      -0.9594548430162317,
      -0.9595228457450866,
      -0.9611332976116853,
      -0.9601350440698512,
      -0.960107726910535,
      -0.9615117803741904,
      -0.9615762969325571,
      -0.9614782885242911,
      -0.9627990417620715,
      -0.961762848741868,
      -0.964026113468058,
      -0.962785237606834,
      -0.9636623407111449,
      -0.9623026518260731
    ],
    "test_losses": [
      -0.8434173641509788,
      -0.941918232759764,
      -0.9410033283538597,
      -0.9382461606070053,
      -0.9423547763464063,
      -0.940601351441339,
      -0.9406016711578813,
      -0.9409767268702042,
      -0.9598173442275025,
      -0.9478800788868306,
      -0.9405703911947649,
      -0.9557727985603864,
      -0.9643825490807378,
      -0.9645519780558209,
      -0.9485309259142987,
      -0.9622892716596293,
      -0.9652655528728352,
      -0.9654719105986662,
      -0.9602401349433632,
      -0.9679800615754238,
      -0.9664662106092586,
      -0.9592975389818813,
      -0.9648005608209343,
      -0.963850127195203,
      -0.9649254130762677,
      -0.9698338397713595,
      -0.948510340549225,
      -0.9572143102108046,
      -0.9699780582688575,
      -0.9673726531655289,
      -0.9609535866698553,
      -0.9427821691646132,
      -0.9497334564147993,
      -0.9587924822818401,
      -0.9688623356264691,
      -0.9692034627116004,
      -0.9735107347022656,
      -0.9737916574921719,
      -0.9741305768489837,
      -0.9746537700641987,
      -0.9762170359145763,
      -0.9584981462290121,
      -0.9674194319303646,
      -0.958837383846904,
      -0.9766647810159728,
      -0.9742002065791641,
      -0.9750236823115238,
      -0.976888416395631,
      -0.9728977328123048,
      -0.9783795001894928
    ],
    "final_train_loss": -0.9623026518260731,
    "final_test_loss": -0.9783795001894928
  },
  "evaluation_results": {
    "mean_error": 0.03960767671010018,
    "std_error": 0.0477427361084327,
    "median_error": 0.02434835434287319,
    "num_setups": 399
  },
  "primary_score": 0.03960767671010018
}