{
  "experiment_id": 15,
  "experiment_dir": "logs/grid_search_20250624_192044/exp_015_lr_0.005_hidden_features_16_num_layers_4_num_bins_30",
  "parameters": {
    "lr": 0.005,
    "hidden_features": 16,
    "num_layers": 4,
    "num_bins": 30
  },
  "model_config": {
    "model_type": "MaskedPiecewiseRationalQuadraticAutoregressiveTransform",
    "context_features": 3,
    "flow_features": 1,
    "hidden_features": 16,
    "num_layers": 4,
    "num_bins": 30,
    "base_distribution": "StandardNormal",
    "total_parameters": 11300
  },
  "training_results": {
    "train_losses": [
      -0.8047171171431375,
      -0.9175811326503753,
      -0.9308806409555322,
      -0.9366089172924266,
      -0.938642046661938,
      -0.9457155794255874,
      -0.9469449609167435,
      -0.9484026875215418,
      -0.9502112106715932,
      -0.9507079568329979,
      -0.9509418434956495,
      -0.9528896700634676,
      -0.9554714000225067,
      -0.9550000009116004,
      -0.9550566131227156,
      -0.9580386945780586,
      -0.957472302422804,
      -0.9576201425580417,
      -0.9583970546021181,
      -0.9582422695440405,
      -0.960383540391922,
      -0.9607388761464287,
      -0.9617438015517067,
      -0.9621476902681239,
      -0.9631042607391582,
      -0.9635115993022919,
      -0.9655999936777002,
      -0.9600027934943929,
      -0.9612744545235353,
      -0.9603333886931924,
      -0.9624922302891227,
      -0.9627961024817299,
      -0.9614012875276453,
      -0.9624137454874375,
      -0.9637906985423145,
      -0.9625084743079018,
      -0.9619982374415678,
      -0.9634268037010641,
      -0.9631199829718646,
      -0.9641262026394115,
      -0.9635975214313058,
      -0.9642183068920585,
      -0.963454568456201,
      -0.964729914595099,
      -0.9639052146322586,
      -0.9649072222148671,
      -0.9640933651783887,
      -0.9641669339993421,
      -0.964928328149459,
      -0.962190297351164
    ],
    "test_losses": [
      -0.939144663200822,
      -0.9356053685033044,
      -0.9502711141525313,
      -0.9520015841306642,
      -0.9196237781020098,
      -0.9430931116952452,
      -0.8860143217236497,
      -0.9566907832095789,
      -0.9242361504671186,
      -0.9634483823942583,
      -0.9680377079996951,
      -0.9064595594655636,
      -0.954092010786367,
      -0.9708510247773903,
      -0.9585307891285697,
      -0.947059609377107,
      -0.944708382944728,
      -0.9690583694812863,
      -0.9596001973678899,
      -0.9711067181687022,
      -0.9677202729291694,
      -0.9687761872313744,
      -0.9688013300646183,
      -0.9616098381059114,
      -0.9692388004341791,
      -0.9530258042867794,
      -0.975656841106193,
      -0.9567943969438243,
      -0.9695553717225097,
      -0.9644362877967746,
      -0.9677962475044782,
      -0.9723733544349671,
      -0.9648328413796979,
      -0.9705763227024744,
      -0.9757893179045167,
      -0.9633918024772822,
      -0.9752615717954414,
      -0.9738155511922615,
      -0.9746580787869387,
      -0.9694448337998501,
      -0.9758078722066658,
      -0.9636150330998177,
      -0.9702472367952036,
      -0.9741156259248424,
      -0.951175936917926,
      -0.9738280727419742,
      -0.9660628833049951,
      -0.9667796447526577,
      -0.9759535229483316,
      -0.9630710381408071
    ],
    "final_train_loss": -0.962190297351164,
    "final_test_loss": -0.9630710381408071
  },
  "evaluation_results": {
    "mean_error": 0.05396739939459203,
    "std_error": 0.058992131304222435,
    "median_error": 0.03372313084832287,
    "num_setups": 399
  },
  "primary_score": 0.05396739939459203
}