{
  "experiment_id": 27,
  "experiment_dir": "logs/grid_search_20250624_192044/exp_027_lr_0.005_hidden_features_32_num_layers_6_num_bins_30",
  "parameters": {
    "lr": 0.005,
    "hidden_features": 32,
    "num_layers": 6,
    "num_bins": 30
  },
  "model_config": {
    "model_type": "MaskedPiecewiseRationalQuadraticAutoregressiveTransform",
    "context_features": 3,
    "flow_features": 1,
    "hidden_features": 32,
    "num_layers": 6,
    "num_bins": 30,
    "base_distribution": "StandardNormal",
    "total_parameters": 45654
  },
  "training_results": {
    "train_losses": [
      -0.7037979737121393,
      -0.9005191068088307,
      -0.9176264724310706,
      -0.9262731742858886,
      -0.9318637411033406,
      -0.935617854384815,
      -0.9420185372408698,
      -0.9397673761143404,
      -0.9466032428601209,
      -0.9479705105108374,
      -0.9491187601229724,
      -0.9501662118294659,
      -0.9512038866211386,
      -0.9518019399222206,
      -0.9533490410271813,
      -0.9532958511745229,
      -0.9552356006117428,
      -0.9566930564712076,
      -0.9550762981526992,
      -0.9568491543741787,
      -0.955818181108026,
      -0.9562474804064807,
      -0.9563329102011288,
      -0.9561004118358387,
      -0.9309358076247223,
      -0.9544194764249465,
      -0.9584603358016295,
      -0.9583026749947492,
      -0.9591391975739423,
      -0.9578654060644262,
      -0.9606362428384668,
      -0.9592377612871282,
      -0.9594006456347073,
      -0.9602203715548796,
      -0.9603678432632895,
      -0.9612758730439579,
      -0.9614077931291917,
      -0.9558151717045728,
      -0.9620199883685393,
      -0.9632561142304364,
      -0.9632347824994255,
      -0.9639975039397969,
      -0.9650197803272921,
      -0.9610477528852575,
      -0.9599161117918351,
      -0.9625019140103284,
      -0.9610362255573273,
      -0.9574717657005085,
      -0.963631463541704,
      -0.9617587606345906
    ],
    "test_losses": [
      -0.9441074974315111,
      -0.9105044741963231,
      -0.8621939413076223,
      -0.9575008117875388,
      -0.9288480900747832,
      -0.9613386399524156,
      -0.9293203116156334,
      -0.9437605272198832,
      -0.9659475960010706,
      -0.9284430681272995,
      -0.9652067330687545,
      -0.9694853125616562,
      -0.967618504928988,
      -0.9499638245549313,
      -0.9602581796257995,
      -0.9633481308471324,
      -0.9710595283397409,
      -0.971375063131022,
      -0.9715990195440691,
      -0.968117643927419,
      -0.9687042305635851,
      -0.9496455378310625,
      -0.9613218538982924,
      -0.9514376058134921,
      -0.9558844881002293,
      -0.9704455809537754,
      -0.9655356775189555,
      -0.942009877465492,
      -0.9658457266729932,
      -0.949016174466111,
      -0.9695631175540215,
      -0.9483419404473415,
      -0.9685143407001052,
      -0.9688331609548524,
      -0.9731118493301923,
      -0.9692001171583353,
      -0.962318427063698,
      -0.9593994765087616,
      -0.9699071753856747,
      -0.9778717788152916,
      -0.9680814529574194,
      -0.975988264277924,
      -0.978296713357748,
      -0.9738158532353335,
      -0.9731747011805689,
      -0.9738360100014265,
      -0.9643809915975082,
      -0.9677028586698133,
      -0.9717871831600056,
      -0.9678125769592995
    ],
    "final_train_loss": -0.9617587606345906,
    "final_test_loss": -0.9678125769592995
  },
  "evaluation_results": {
    "mean_error": 0.058883338231322135,
    "std_error": 0.08385776005093531,
    "median_error": 0.03046802216324693,
    "num_setups": 399
  },
  "primary_score": 0.058883338231322135
}