{
  "experiment_id": 5,
  "experiment_dir": "logs/grid_search_20250625_162307/exp_005_lr_0.007_hidden_features_4_num_layers_3_num_bins_6",
  "parameters": {
    "lr": 0.007,
    "hidden_features": 4,
    "num_layers": 3,
    "num_bins": 6
  },
  "model_config": {
    "model_type": "MaskedPiecewiseRationalQuadraticAutoregressiveTransform",
    "context_features": 3,
    "flow_features": 1,
    "hidden_features": 4,
    "num_layers": 3,
    "num_bins": 6,
    "base_distribution": "StandardNormal",
    "total_parameters": 663
  },
  "training_results": {
    "train_losses": [
      -0.7911521569705184,
      -0.9101450091249803,
      -0.9234015824514277,
      -0.9303886544003206,
      -0.9353899037136751,
      -0.9406576236556558,
      -0.94213703863761,
      -0.9434690622722401,
      -0.9462227216187645,
      -0.9461074634860543,
      -0.9471902679695803,
      -0.9480375329185935,
      -0.9495212214133318,
      -0.9494798869946424,
      -0.9500020909309387,
      -0.9510279365146861,
      -0.9513319834540872,
      -0.9519975273048177,
      -0.9529138574880712,
      -0.9534058344364166,
      -0.953688666119295,
      -0.9531247776396135,
      -0.9542386599849252,
      -0.9549668364665087,
      -0.955122064702651,
      -0.9552098617132972,
      -0.9542993781847112,
      -0.955251988102408,
      -0.9560566734566408,
      -0.9564065963380477,
      -0.956199453718522,
      -0.9567082778846516,
      -0.9556290921042947,
      -0.9579380272416508,
      -0.9574579991312588,
      -0.956863898599849,
      -0.9578805717299966,
      -0.9571820813066819,
      -0.9567226879736956,
      -0.9573502865959617,
      -0.9571052131933324,
      -0.9578616798625272,
      -0.9573164676918703,
      -0.9583647209756515,
      -0.9581346157017876,
      -0.9561079283321605,
      -0.9585361278057098,
      -0.958919153914732,
      -0.9576670241355896,
      -0.9504594520961537
    ],
    "test_losses": [
      -0.9091872617948887,
      -0.921810898254084,
      -0.913131191494853,
      -0.9456287231556205,
      -0.9126449852488762,
      -0.9565296382405037,
      -0.9440594912961472,
      -0.9385426982890728,
      -0.9555457512306612,
      -0.9380763220232586,
      -0.9610255357831023,
      -0.9637321188699367,
      -0.9557885573353878,
      -0.9621154089306676,
      -0.9634682843851489,
      -0.9542540964692138,
      -0.9550937344861585,
      -0.9635042452534964,
      -0.9645895457544992,
      -0.9649389086767685,
      -0.9453803319570631,
      -0.9663064515867898,
      -0.964510620749274,
      -0.9632436326769895,
      -0.9627653934234797,
      -0.9560901456794073,
      -0.9664784586706827,
      -0.9634194408045259,
      -0.9639895035083904,
      -0.9637689720752627,
      -0.9652145644260007,
      -0.9586627107720043,
      -0.9648311872814976,
      -0.9567807316087013,
      -0.9690546848053156,
      -0.9460555107787598,
      -0.9629240531560986,
      -0.9695823349231898,
      -0.9670396670352581,
      -0.9677315998909085,
      -0.9671329857998117,
      -0.9693095615436864,
      -0.9708773012771162,
      -0.9701383101385693,
      -0.9685417976490287,
      -0.9651799333650012,
      -0.9581345454204914,
      -0.9710168830877126,
      -0.9674264281295066,
      -0.9632857335861339
    ],
    "final_train_loss": -0.9504594520961537,
    "final_test_loss": -0.9632857335861339
  },
  "evaluation_results": {
    "mean_error": 0.06087197147018644,
    "std_error": 0.07716219956757818,
    "median_error": 0.03503843509166475,
    "num_setups": 399
  },
  "primary_score": 0.06087197147018644
}