true_setup_mean,predicted_setup_mean,relative_error,absolute_error
0.35778069496154785,0.33902305364608765,0.05242776107078263,0.018757641315460205
