true_setup_mean,predicted_setup_mean,relative_error,absolute_error
0.4419001042842865,0.4221416413784027,0.04471250915579675,0.01975846290588379
