true_setup_mean,predicted_setup_mean,relative_error,absolute_error
0.08321167528629303,0.08517453074455261,0.023588699730167733,0.0019628554582595825
