true_setup_mean,predicted_setup_mean,relative_error,absolute_error
0.3479844033718109,0.34792450070381165,0.00017214181353365207,5.990266799926758e-05
