{
  "experiment_id": 14,
  "experiment_dir": "logs/grid_search_20250624_192044/exp_014_lr_0.005_hidden_features_16_num_layers_4_num_bins_20",
  "parameters": {
    "lr": 0.005,
    "hidden_features": 16,
    "num_layers": 4,
    "num_bins": 20
  },
  "model_config": {
    "model_type": "MaskedPiecewiseRationalQuadraticAutoregressiveTransform",
    "context_features": 3,
    "flow_features": 1,
    "hidden_features": 16,
    "num_layers": 4,
    "num_bins": 20,
    "base_distribution": "StandardNormal",
    "total_parameters": 9260
  },
  "training_results": {
    "train_losses": [
      -0.7894543857521871,
      -0.9123693648506613,
      -0.9239041974264033,
      -0.9329028841327218,
      -0.934768551237443,
      -0.9425989998088163,
      -0.9458513467452105,
      -0.9445906283574946,
      -0.9456095264939701,
      -0.9480673142040477,
      -0.9517198809455423,
      -0.9515833281769472,
      -0.9531583901012645,
      -0.9515303102661582,
      -0.9550288432485917,
      -0.9550843550878413,
      -0.9561564981236177,
      -0.9564346185852499,
      -0.9572307839814355,
      -0.9571253307426677,
      -0.9578808938755708,
      -0.9596355024506064,
      -0.959196627630907,
      -0.9577340757846833,
      -0.9595196575276992,
      -0.96038485919728,
      -0.9598886845392339,
      -0.9642931558805353,
      -0.9603245482725256,
      -0.9604093205928802,
      -0.9613718743885264,
      -0.9608183163755081,
      -0.9619573917108424,
      -0.9609610401882844,
      -0.9616572492964127,
      -0.9619742950271157,
      -0.9619972354524275,
      -0.9621742732384626,
      -0.9635453698915594,
      -0.963491187656627,
      -0.962613361232421,
      -0.9625541116209592,
      -0.9626254956161274,
      -0.9629193192369798,
      -0.9633919174530927,
      -0.9640115817855386,
      -0.9628809435928569,
      -0.9630350450207206,
      -0.964876837940777,
      -0.9642227063459509
    ],
    "test_losses": [
      -0.8392069062521291,
      -0.9362465256868406,
      -0.8923654506372851,
      -0.9529767050299534,
      -0.9234571095815924,
      -0.964707890984624,
      -0.968734140035718,
      -0.966796122179475,
      -0.9318218828633774,
      -0.9725433175646981,
      -0.9676100413466608,
      -0.9554620731708615,
      -0.9533004769059115,
      -0.9649023963268413,
      -0.9589061301808025,
      -0.9677631310252256,
      -0.9575689362925153,
      -0.971083222710809,
      -0.9713106798571209,
      -0.9557145803473717,
      -0.970703367992889,
      -0.9704165210557538,
      -0.9573040152011916,
      -0.9689512693604757,
      -0.969866836417553,
      -0.9697057449540426,
      -0.9671584064184233,
      -0.9730496136255042,
      -0.9728997457859128,
      -0.971597923373067,
      -0.9425091782974643,
      -0.9692396195821984,
      -0.9704616649206295,
      -0.9742972136929978,
      -0.9728875454082045,
      -0.9723556034786757,
      -0.9616944092650747,
      -0.9742445985938227,
      -0.9759848483773165,
      -0.9692158672698709,
      -0.9712043079525925,
      -0.9743804127670997,
      -0.9637842517952586,
      -0.970112424950267,
      -0.9631129619687102,
      -0.9761579072752664,
      -0.9721047473508259,
      -0.9749122575271961,
      -0.9751588584378709,
      -0.9784114651901777
    ],
    "final_train_loss": -0.9642227063459509,
    "final_test_loss": -0.9784114651901777
  },
  "evaluation_results": {
    "mean_error": 0.04818508567651832,
    "std_error": 0.07189472501349474,
    "median_error": 0.02312738660995339,
    "num_setups": 399
  },
  "primary_score": 0.04818508567651832
}